initial_size,new_size,colapse_rate,cv,score,time
50000,50000,0.0,0,0.84335,45.94663119316101
50000,51000,0.0,0,0.84395,43.38747429847717
50000,52000,0.0,0,0.8437,47.689087867736816
50000,53000,0.0,0,0.84085,46.93217158317566
50000,54000,0.0,0,0.8403,47.419596433639526
50000,55000,0.0,0,0.83995,48.10603594779968
50000,56000,0.0,0,0.8449,51.293718099594116
50000,57000,0.0,0,0.84245,51.750330686569214
50000,58000,0.0,0,0.83975,52.91480278968811
50000,59000,0.0,0,0.84235,53.435463428497314
50000,60000,0.0,0,0.84045,55.12849736213684
50000,61000,0.0,0,0.84035,56.15016293525696
50000,62000,0.0,0,0.8392,61.02339005470276
50000,63000,0.0,0,0.83895,64.28303265571594
50000,64000,0.0,0,0.8413,65.35887479782104
50000,65000,0.0,0,0.8411,65.15742659568787
50000,66000,0.0,0,0.84195,65.0919554233551
50000,67000,0.0,0,0.8424,62.113091468811035
50000,68000,0.0,0,0.84055,68.4394519329071
50000,69000,0.0,0,0.84,61.99395275115967
50000,70000,0.0,0,0.84135,65.62530541419983
50000,71000,0.0,0,0.84545,63.36542320251465
50000,72000,0.0,0,0.84155,67.67406392097473
50000,73000,0.0,0,0.84435,68.04768204689026
50000,74000,0.0,0,0.8447,71.0997724533081
50000,75000,0.0,0,0.8424,74.01224565505981
50000,76000,0.0,0,0.8426,68.71444964408875
50000,77000,0.0,0,0.84285,87.5655608177185
50000,78000,0.0,0,0.84595,71.91869449615479
50000,79000,0.0,0,0.84285,73.88743019104004
50000,80000,0.0,0,0.84315,73.43356919288635
50000,50000,0.0,1,0.8453,42.67989754676819
50000,51000,0.0,1,0.84425,43.98652172088623
50000,52000,0.0,1,0.84625,47.13553714752197
50000,53000,0.0,1,0.84305,46.16201877593994
50000,54000,0.0,1,0.83925,59.69287300109863
50000,55000,0.0,1,0.8439,50.56952619552612
50000,56000,0.0,1,0.8387,62.184510231018066
50000,57000,0.0,1,0.84095,54.256412744522095
50000,58000,0.0,1,0.8401,54.47539281845093
50000,59000,0.0,1,0.8418,53.29610013961792
50000,60000,0.0,1,0.84185,55.419379472732544
50000,61000,0.0,1,0.84025,66.46716904640198
50000,62000,0.0,1,0.8446,63.17772459983826
50000,63000,0.0,1,0.84275,64.10746645927429
50000,64000,0.0,1,0.84495,66.53874206542969
50000,65000,0.0,1,0.84315,64.31787896156311
50000,66000,0.0,1,0.84465,60.55624461174011
50000,67000,0.0,1,0.8452,68.49500298500061
50000,68000,0.0,1,0.84175,65.94067859649658
50000,69000,0.0,1,0.8422,87.66878318786621
50000,70000,0.0,1,0.8456,68.10153722763062
50000,71000,0.0,1,0.8409,67.28179931640625
50000,72000,0.0,1,0.8419,83.03377056121826
50000,73000,0.0,1,0.8439,67.48223495483398
50000,74000,0.0,1,0.8428,68.51249718666077
50000,75000,0.0,1,0.84115,67.87353253364563
50000,76000,0.0,1,0.8437,69.0059757232666
50000,77000,0.0,1,0.8433,71.22905969619751
50000,78000,0.0,1,0.8432,73.50234413146973
50000,79000,0.0,1,0.83945,74.77695417404175
50000,80000,0.0,1,0.84135,74.46619534492493
50000,50000,0.0,2,0.84915,46.3745698928833
50000,51000,0.0,2,0.8491,63.262574911117554
50000,52000,0.0,2,0.84625,47.12087273597717
50000,53000,0.0,2,0.8456,49.1778130531311
50000,54000,0.0,2,0.84785,54.6978280544281
50000,55000,0.0,2,0.84995,51.97277235984802
50000,56000,0.0,2,0.84405,53.560681104660034
50000,57000,0.0,2,0.84965,55.5608606338501
50000,58000,0.0,2,0.84615,58.58592700958252
50000,59000,0.0,2,0.84965,74.98820734024048
50000,60000,0.0,2,0.84685,58.71892309188843
50000,61000,0.0,2,0.84395,70.08523654937744
50000,62000,0.0,2,0.8464,70.20165252685547
50000,63000,0.0,2,0.8519,67.6538097858429
50000,64000,0.0,2,0.84925,78.54605436325073
50000,65000,0.0,2,0.84975,63.13781523704529
50000,66000,0.0,2,0.8494,75.2366201877594
50000,67000,0.0,2,0.8504,71.2086546421051
50000,68000,0.0,2,0.8501,73.90785956382751
50000,69000,0.0,2,0.85075,76.65539026260376
50000,70000,0.0,2,0.8505,76.1828887462616
50000,71000,0.0,2,0.84975,72.68926978111267
50000,72000,0.0,2,0.85085,85.58840107917786
50000,73000,0.0,2,0.8522,74.81622648239136
50000,74000,0.0,2,0.85185,79.78220748901367
50000,75000,0.0,2,0.85015,86.22943544387817
50000,76000,0.0,2,0.8511,78.36278986930847
50000,77000,0.0,2,0.84835,80.59883499145508
50000,78000,0.0,2,0.85295,101.46219205856323
50000,79000,0.0,2,0.84745,88.47369050979614
50000,80000,0.0,2,0.85035,85.18697047233582
50000,50000,0.0,3,0.84705,42.981178522109985
50000,51000,0.0,3,0.8468,46.127275228500366
50000,52000,0.0,3,0.8442,49.0201096534729
50000,53000,0.0,3,0.84395,49.07445430755615
50000,54000,0.0,3,0.8463,51.446744441986084
50000,55000,0.0,3,0.846,54.338906049728394
50000,56000,0.0,3,0.8449,51.59348487854004
50000,57000,0.0,3,0.84275,54.242106437683105
50000,58000,0.0,3,0.84525,54.214410066604614
50000,59000,0.0,3,0.8447,56.73215365409851
50000,60000,0.0,3,0.84645,66.38999509811401
50000,61000,0.0,3,0.84575,56.623944997787476
50000,62000,0.0,3,0.84705,58.19649910926819
50000,63000,0.0,3,0.84515,70.99027347564697
50000,64000,0.0,3,0.8456,64.4655225276947
50000,65000,0.0,3,0.845,62.14808249473572
50000,66000,0.0,3,0.84615,62.13865613937378
50000,67000,0.0,3,0.8451,67.47124481201172
50000,68000,0.0,3,0.84655,64.7801034450531
50000,69000,0.0,3,0.84675,64.80469727516174
50000,70000,0.0,3,0.84565,67.00701355934143
50000,71000,0.0,3,0.846,66.99559330940247
50000,72000,0.0,3,0.8472,65.01749730110168
50000,73000,0.0,3,0.84575,66.89083480834961
50000,74000,0.0,3,0.8458,69.22445297241211
50000,75000,0.0,3,0.8462,73.10980606079102
50000,76000,0.0,3,0.8461,71.82722687721252
50000,77000,0.0,3,0.84515,87.73279213905334
50000,78000,0.0,3,0.8455,81.96175599098206
50000,79000,0.0,3,0.84855,79.27163124084473
50000,80000,0.0,3,0.84535,72.40625047683716
50000,50000,0.0,4,0.8317,42.70020294189453
50000,51000,0.0,4,0.83335,44.10843300819397
50000,52000,0.0,4,0.8356,46.733314037323
50000,53000,0.0,4,0.83455,47.4072961807251
50000,54000,0.0,4,0.8377,48.13399410247803
50000,55000,0.0,4,0.8347,49.9343695640564
50000,56000,0.0,4,0.8354,59.25873279571533
50000,57000,0.0,4,0.83165,52.13969016075134
50000,58000,0.0,4,0.8361,52.12915563583374
50000,59000,0.0,4,0.83655,53.21995568275452
50000,60000,0.0,4,0.8379,54.646236419677734
50000,61000,0.0,4,0.83625,55.94127678871155
50000,62000,0.0,4,0.84005,67.53070211410522
50000,63000,0.0,4,0.8334,61.801828145980835
50000,64000,0.0,4,0.83445,61.33224606513977
50000,65000,0.0,4,0.8357,61.79440140724182
50000,66000,0.0,4,0.83605,62.871376514434814
50000,67000,0.0,4,0.83535,60.41663384437561
50000,68000,0.0,4,0.8405,68.19464874267578
50000,69000,0.0,4,0.8381,64.1498794555664
50000,70000,0.0,4,0.83645,74.77951622009277
50000,71000,0.0,4,0.83625,77.34168863296509
50000,72000,0.0,4,0.8412,71.60899591445923
50000,73000,0.0,4,0.8352,86.53178906440735
50000,74000,0.0,4,0.83625,75.60429286956787
50000,75000,0.0,4,0.838,77.31335353851318
50000,76000,0.0,4,0.84035,97.41856098175049
50000,77000,0.0,4,0.8374,75.5298957824707
50000,78000,0.0,4,0.8344,75.89145851135254
50000,79000,0.0,4,0.83485,76.05483722686768
50000,80000,0.0,4,0.8346,74.23182845115662
50000,50000,0.1,0,0.8343,49.10542011260986
50000,51000,0.1,0,0.832,46.42130661010742
50000,52000,0.1,0,0.83295,47.9826545715332
50000,53000,0.1,0,0.8336,49.106332778930664
50000,54000,0.1,0,0.8359,53.058393239974976
50000,55000,0.1,0,0.83435,51.62604641914368
50000,56000,0.1,0,0.83345,56.54057049751282
50000,57000,0.1,0,0.83335,60.903454065322876
50000,58000,0.1,0,0.83465,60.55252552032471
50000,59000,0.1,0,0.8343,58.48845934867859
50000,60000,0.1,0,0.8322,73.14000582695007
50000,61000,0.1,0,0.83355,66.10062170028687
50000,62000,0.1,0,0.8334,66.02885961532593
50000,63000,0.1,0,0.8326,66.988516330719
50000,64000,0.1,0,0.8318,68.29218649864197
50000,65000,0.1,0,0.83465,68.90699100494385
50000,66000,0.1,0,0.83435,91.2358090877533
50000,67000,0.1,0,0.8345,73.44213199615479
50000,68000,0.1,0,0.83355,74.64689302444458
50000,69000,0.1,0,0.8324,72.00677037239075
50000,70000,0.1,0,0.8338,71.91318988800049
50000,71000,0.1,0,0.83525,71.45923686027527
50000,72000,0.1,0,0.83355,73.51725792884827
50000,73000,0.1,0,0.83005,72.75366234779358
50000,74000,0.1,0,0.83245,82.0394721031189
50000,75000,0.1,0,0.8315,72.50184774398804
50000,76000,0.1,0,0.8318,72.55088257789612
50000,77000,0.1,0,0.8335,73.34660077095032
50000,78000,0.1,0,0.8326,71.93681240081787
50000,79000,0.1,0,0.8321,81.57946300506592
50000,80000,0.1,0,0.83015,96.05825901031494
50000,50000,0.1,1,0.84205,50.965768337249756
50000,51000,0.1,1,0.8436,49.54167628288269
50000,52000,0.1,1,0.8453,52.43641376495361
50000,53000,0.1,1,0.84435,53.44321846961975
50000,54000,0.1,1,0.84255,56.28227949142456
50000,55000,0.1,1,0.8452,65.80041408538818
50000,56000,0.1,1,0.8442,51.76892399787903
50000,57000,0.1,1,0.84325,54.775975465774536
50000,58000,0.1,1,0.83925,52.933518409729004
50000,59000,0.1,1,0.8427,54.18816089630127
50000,60000,0.1,1,0.8452,56.50303649902344
50000,61000,0.1,1,0.84475,57.50951910018921
50000,62000,0.1,1,0.84285,69.39215779304504
50000,63000,0.1,1,0.84085,60.88713884353638
50000,64000,0.1,1,0.8451,61.80502152442932
50000,65000,0.1,1,0.84075,63.159372329711914
50000,66000,0.1,1,0.8441,59.924861669540405
50000,67000,0.1,1,0.8417,66.33503818511963
50000,68000,0.1,1,0.8389,72.16074228286743
50000,69000,0.1,1,0.8421,73.36535549163818
50000,70000,0.1,1,0.8381,66.00382351875305
50000,71000,0.1,1,0.84095,66.39546751976013
50000,72000,0.1,1,0.8401,65.22638702392578
50000,73000,0.1,1,0.8418,69.22973799705505
50000,74000,0.1,1,0.8384,70.55875015258789
50000,75000,0.1,1,0.84185,84.2956109046936
50000,76000,0.1,1,0.8412,72.72779893875122
50000,77000,0.1,1,0.8435,78.8735568523407
50000,78000,0.1,1,0.84095,73.84444522857666
50000,79000,0.1,1,0.84085,76.36281609535217
50000,80000,0.1,1,0.84015,97.61289548873901
50000,50000,0.1,2,0.84695,49.47519040107727
50000,51000,0.1,2,0.8467,53.13714241981506
50000,52000,0.1,2,0.8445,52.371766805648804
50000,53000,0.1,2,0.8446,53.642815828323364
50000,54000,0.1,2,0.84605,56.22978234291077
50000,55000,0.1,2,0.8462,55.31846022605896
50000,56000,0.1,2,0.84515,55.84342575073242
50000,57000,0.1,2,0.8462,61.10419225692749
50000,58000,0.1,2,0.84555,60.94474649429321
50000,59000,0.1,2,0.846,70.5132987499237
50000,60000,0.1,2,0.8465,62.168134450912476
50000,61000,0.1,2,0.84705,68.23221778869629
50000,62000,0.1,2,0.8464,77.06774711608887
50000,63000,0.1,2,0.84625,66.76451778411865
50000,64000,0.1,2,0.84605,65.75737452507019
50000,65000,0.1,2,0.8421,70.09766864776611
50000,66000,0.1,2,0.845,80.08385944366455
50000,67000,0.1,2,0.8457,70.17271065711975
50000,68000,0.1,2,0.8439,72.95401692390442
50000,69000,0.1,2,0.8448,76.12392115592957
50000,70000,0.1,2,0.8451,73.30943131446838
50000,71000,0.1,2,0.8428,72.33896517753601
50000,72000,0.1,2,0.84255,72.49901580810547
50000,73000,0.1,2,0.84505,87.5308256149292
50000,74000,0.1,2,0.84585,82.22442770004272
50000,75000,0.1,2,0.8457,79.98709440231323
50000,76000,0.1,2,0.84535,82.84661149978638
50000,77000,0.1,2,0.84495,81.85276389122009
50000,78000,0.1,2,0.8461,86.19901537895203
50000,79000,0.1,2,0.8426,85.06087493896484
50000,80000,0.1,2,0.84335,87.46171879768372
50000,50000,0.1,3,0.8366,45.24801278114319
50000,51000,0.1,3,0.8354,47.401182413101196
50000,52000,0.1,3,0.83585,47.86758756637573
50000,53000,0.1,3,0.83365,50.48544120788574
50000,54000,0.1,3,0.8341,52.35604739189148
50000,55000,0.1,3,0.83325,52.75294089317322
50000,56000,0.1,3,0.83365,50.962629079818726
50000,57000,0.1,3,0.83645,53.04909801483154
50000,58000,0.1,3,0.83595,55.92369985580444
50000,59000,0.1,3,0.83505,53.95603680610657
50000,60000,0.1,3,0.83265,55.231338024139404
50000,61000,0.1,3,0.8355,57.568522930145264
50000,62000,0.1,3,0.8332,67.15163946151733
50000,63000,0.1,3,0.8317,67.25732207298279
50000,64000,0.1,3,0.8301,69.49174213409424
50000,65000,0.1,3,0.83395,65.0195906162262
50000,66000,0.1,3,0.83045,67.89591860771179
50000,67000,0.1,3,0.83175,81.16704773902893
50000,68000,0.1,3,0.8304,73.78717947006226
50000,69000,0.1,3,0.8337,74.47879528999329
50000,70000,0.1,3,0.8291,78.23227429389954
50000,71000,0.1,3,0.82885,75.53695392608643
50000,72000,0.1,3,0.82815,74.12481451034546
50000,73000,0.1,3,0.8265,74.00756311416626
50000,74000,0.1,3,0.82745,82.16782689094543
50000,75000,0.1,3,0.8314,81.96764922142029
50000,76000,0.1,3,0.8252,79.1395468711853
50000,77000,0.1,3,0.825,84.80293440818787
50000,78000,0.1,3,0.8256,103.45011687278748
50000,79000,0.1,3,0.82865,87.78647661209106
50000,80000,0.1,3,0.82315,89.00364089012146
50000,50000,0.1,4,0.84285,45.32173562049866
50000,51000,0.1,4,0.84105,48.78507852554321
50000,52000,0.1,4,0.8398,51.721036195755005
50000,53000,0.1,4,0.8442,52.97767615318298
50000,54000,0.1,4,0.84265,56.82481837272644
50000,55000,0.1,4,0.8451,65.03564858436584
50000,56000,0.1,4,0.84405,56.71940279006958
50000,57000,0.1,4,0.8433,60.47105550765991
50000,58000,0.1,4,0.84405,58.03740859031677
50000,59000,0.1,4,0.8407,57.60783576965332
50000,60000,0.1,4,0.8458,59.47832179069519
50000,61000,0.1,4,0.84365,69.32853269577026
50000,62000,0.1,4,0.84555,80.90561866760254
50000,63000,0.1,4,0.8426,65.9856116771698
50000,64000,0.1,4,0.84165,65.1169056892395
50000,65000,0.1,4,0.839,63.09128928184509
50000,66000,0.1,4,0.8429,68.34878849983215
50000,67000,0.1,4,0.8412,64.37764024734497
50000,68000,0.1,4,0.8407,63.80681014060974
50000,69000,0.1,4,0.84055,75.8822374343872
50000,70000,0.1,4,0.8424,74.8823401927948
50000,71000,0.1,4,0.8421,75.36977481842041
50000,72000,0.1,4,0.8406,74.26795387268066
50000,73000,0.1,4,0.8402,94.98982453346252
50000,74000,0.1,4,0.8427,71.79758214950562
50000,75000,0.1,4,0.8424,73.1309905052185
50000,76000,0.1,4,0.84325,71.58269810676575
50000,77000,0.1,4,0.84485,69.72202920913696
50000,78000,0.1,4,0.8412,72.4005560874939
50000,79000,0.1,4,0.8457,76.95873308181763
50000,80000,0.1,4,0.83935,91.74427723884583
50000,50000,0.2,0,0.8472,47.170544147491455
50000,51000,0.2,0,0.846,46.1107075214386
50000,52000,0.2,0,0.8411,48.46721625328064
50000,53000,0.2,0,0.8435,50.652705907821655
50000,54000,0.2,0,0.8436,54.059454917907715
50000,55000,0.2,0,0.84215,50.13229322433472
50000,56000,0.2,0,0.84465,50.22490906715393
50000,57000,0.2,0,0.84105,53.43381428718567
50000,58000,0.2,0,0.8408,53.69356322288513
50000,59000,0.2,0,0.8433,55.45276975631714
50000,60000,0.2,0,0.84165,54.35351800918579
50000,61000,0.2,0,0.8435,55.91833829879761
50000,62000,0.2,0,0.84235,67.54551196098328
50000,63000,0.2,0,0.84285,68.89774584770203
50000,64000,0.2,0,0.84085,69.1924831867218
50000,65000,0.2,0,0.84095,69.49694156646729
50000,66000,0.2,0,0.8411,65.4518711566925
50000,67000,0.2,0,0.8395,73.47865080833435
50000,68000,0.2,0,0.8402,65.7105655670166
50000,69000,0.2,0,0.8362,78.2973084449768
50000,70000,0.2,0,0.8409,65.75237441062927
50000,71000,0.2,0,0.8392,65.09902691841125
50000,72000,0.2,0,0.8373,68.00873112678528
50000,73000,0.2,0,0.8367,70.79209566116333
50000,74000,0.2,0,0.8352,68.50359296798706
50000,75000,0.2,0,0.83815,68.93717575073242
50000,76000,0.2,0,0.8369,70.4482901096344
50000,77000,0.2,0,0.83695,72.54364490509033
50000,78000,0.2,0,0.8353,99.81607246398926
50000,79000,0.2,0,0.8379,83.73934650421143
50000,80000,0.2,0,0.83715,90.36919093132019
50000,50000,0.2,1,0.8449,49.80306267738342
50000,51000,0.2,1,0.84635,46.13264441490173
50000,52000,0.2,1,0.84585,47.03011727333069
50000,53000,0.2,1,0.8421,49.689149141311646
50000,54000,0.2,1,0.84415,52.57677936553955
50000,55000,0.2,1,0.8421,52.55286359786987
50000,56000,0.2,1,0.84015,53.81210517883301
50000,57000,0.2,1,0.8416,55.21696877479553
50000,58000,0.2,1,0.83855,57.5363073348999
50000,59000,0.2,1,0.83795,75.85034847259521
50000,60000,0.2,1,0.8397,56.84710383415222
50000,61000,0.2,1,0.83865,66.05357313156128
50000,62000,0.2,1,0.83385,66.8742458820343
50000,63000,0.2,1,0.8375,68.55729389190674
50000,64000,0.2,1,0.8382,68.93594145774841
50000,65000,0.2,1,0.83385,66.74702286720276
50000,66000,0.2,1,0.83675,71.98850774765015
50000,67000,0.2,1,0.831,70.13396739959717
50000,68000,0.2,1,0.83485,69.04437804222107
50000,69000,0.2,1,0.8343,64.67404317855835
50000,70000,0.2,1,0.8365,66.43144965171814
50000,71000,0.2,1,0.83485,77.49959540367126
50000,72000,0.2,1,0.83085,91.97195935249329
50000,73000,0.2,1,0.8335,69.42613124847412
50000,74000,0.2,1,0.83175,68.37742400169373
50000,75000,0.2,1,0.835,70.0597562789917
50000,76000,0.2,1,0.83185,74.23440837860107
50000,77000,0.2,1,0.83025,76.61634922027588
50000,78000,0.2,1,0.828,80.70915842056274
50000,79000,0.2,1,0.8282,73.27417731285095
50000,80000,0.2,1,0.8288,87.73056173324585
50000,50000,0.2,2,0.841,51.6363570690155
50000,51000,0.2,2,0.8414,46.39495825767517
50000,52000,0.2,2,0.8416,48.732651710510254
50000,53000,0.2,2,0.8434,50.93829798698425
50000,54000,0.2,2,0.8435,56.703898191452026
50000,55000,0.2,2,0.843,53.868048667907715
50000,56000,0.2,2,0.8408,55.41722321510315
50000,57000,0.2,2,0.84145,57.684821367263794
50000,58000,0.2,2,0.843,58.07449722290039
50000,59000,0.2,2,0.8376,55.17160248756409
50000,60000,0.2,2,0.8398,60.48110342025757
50000,61000,0.2,2,0.83925,66.9322657585144
50000,62000,0.2,2,0.8389,65.77384543418884
50000,63000,0.2,2,0.8388,67.38417363166809
50000,64000,0.2,2,0.8371,82.32208681106567
50000,65000,0.2,2,0.83615,68.01338815689087
50000,66000,0.2,2,0.8369,79.11058235168457
50000,67000,0.2,2,0.83895,76.59634137153625
50000,68000,0.2,2,0.83825,74.57609963417053
50000,69000,0.2,2,0.8365,76.96579313278198
50000,70000,0.2,2,0.83565,72.92952966690063
50000,71000,0.2,2,0.8361,72.3255307674408
50000,72000,0.2,2,0.83615,76.52395462989807
50000,73000,0.2,2,0.8361,76.63935470581055
50000,74000,0.2,2,0.8357,81.48086619377136
50000,75000,0.2,2,0.83755,81.21116614341736
50000,76000,0.2,2,0.8343,75.4196240901947
50000,77000,0.2,2,0.8336,72.4831554889679
50000,78000,0.2,2,0.83155,71.57411408424377
50000,79000,0.2,2,0.83165,75.91926455497742
50000,80000,0.2,2,0.83415,75.5881736278534
50000,50000,0.2,3,0.8357,44.35781979560852
50000,51000,0.2,3,0.83645,46.48292398452759
50000,52000,0.2,3,0.83335,53.76985692977905
50000,53000,0.2,3,0.83075,63.015350580215454
50000,54000,0.2,3,0.8344,56.716365337371826
50000,55000,0.2,3,0.8306,54.95005488395691
50000,56000,0.2,3,0.82935,55.913512229919434
50000,57000,0.2,3,0.82445,60.44327688217163
50000,58000,0.2,3,0.8267,58.366705894470215
50000,59000,0.2,3,0.82505,58.096301794052124
50000,60000,0.2,3,0.82585,62.936734676361084
50000,61000,0.2,3,0.82245,69.68721842765808
50000,62000,0.2,3,0.819,63.00787091255188
50000,63000,0.2,3,0.8247,66.79382848739624
50000,64000,0.2,3,0.82,66.33903503417969
50000,65000,0.2,3,0.8215,67.40474271774292
50000,66000,0.2,3,0.81925,68.42739343643188
50000,67000,0.2,3,0.814,67.0368001461029
50000,68000,0.2,3,0.82005,63.85845470428467
50000,69000,0.2,3,0.81155,65.71752715110779
50000,70000,0.2,3,0.8158,66.39308023452759
50000,71000,0.2,3,0.8132,64.86128997802734
50000,72000,0.2,3,0.8136,68.31060671806335
50000,73000,0.2,3,0.8122,69.75612211227417
50000,74000,0.2,3,0.81305,78.04168391227722
50000,75000,0.2,3,0.812,81.19291925430298
50000,76000,0.2,3,0.8131,72.33567357063293
50000,77000,0.2,3,0.81195,72.57392978668213
50000,78000,0.2,3,0.8056,73.01535320281982
50000,79000,0.2,3,0.8061,73.26289439201355
50000,80000,0.2,3,0.80335,74.69898247718811
50000,50000,0.2,4,0.8406,47.21474242210388
50000,51000,0.2,4,0.84015,45.58510136604309
50000,52000,0.2,4,0.84175,47.298073291778564
50000,53000,0.2,4,0.8412,47.05813908576965
50000,54000,0.2,4,0.84105,50.15789818763733
50000,55000,0.2,4,0.8405,48.68408942222595
50000,56000,0.2,4,0.83735,52.17049717903137
50000,57000,0.2,4,0.8362,53.40249681472778
50000,58000,0.2,4,0.83575,55.8922381401062
50000,59000,0.2,4,0.8376,55.76354718208313
50000,60000,0.2,4,0.83545,54.97868847846985
50000,61000,0.2,4,0.8388,66.89519810676575
50000,62000,0.2,4,0.83465,59.75644898414612
50000,63000,0.2,4,0.83425,58.5944561958313
50000,64000,0.2,4,0.8334,61.3733184337616
50000,65000,0.2,4,0.8313,62.61969971656799
50000,66000,0.2,4,0.8343,76.74278378486633
50000,67000,0.2,4,0.8308,70.64902377128601
50000,68000,0.2,4,0.82775,65.3274495601654
50000,69000,0.2,4,0.8325,64.51766991615295
50000,70000,0.2,4,0.83125,68.91841244697571
50000,71000,0.2,4,0.83005,65.77472734451294
50000,72000,0.2,4,0.83175,67.368168592453
50000,73000,0.2,4,0.8275,68.17104935646057
50000,74000,0.2,4,0.83215,70.39214062690735
50000,75000,0.2,4,0.829,68.99328756332397
50000,76000,0.2,4,0.83015,72.17989015579224
50000,77000,0.2,4,0.82945,73.01365327835083
50000,78000,0.2,4,0.8289,76.8430552482605
50000,79000,0.2,4,0.8269,74.6873083114624
50000,80000,0.2,4,0.82705,74.95675230026245
50000,50000,0.30000000000000004,0,0.84235,44.36529898643494
50000,51000,0.30000000000000004,0,0.8391,44.962470054626465
50000,52000,0.30000000000000004,0,0.8382,48.125407695770264
50000,53000,0.30000000000000004,0,0.8382,49.82744121551514
50000,54000,0.30000000000000004,0,0.83675,52.93960762023926
50000,55000,0.30000000000000004,0,0.8348,52.0941367149353
50000,56000,0.30000000000000004,0,0.83575,53.79623103141785
50000,57000,0.30000000000000004,0,0.8318,53.68417549133301
50000,58000,0.30000000000000004,0,0.83485,57.04755187034607
50000,59000,0.30000000000000004,0,0.83115,64.6128101348877
50000,60000,0.30000000000000004,0,0.8302,57.2022180557251
50000,61000,0.30000000000000004,0,0.83175,63.699634075164795
50000,62000,0.30000000000000004,0,0.82735,68.57742810249329
50000,63000,0.30000000000000004,0,0.8252,82.3631501197815
50000,64000,0.30000000000000004,0,0.82495,66.61098909378052
50000,65000,0.30000000000000004,0,0.82935,79.65616965293884
50000,66000,0.30000000000000004,0,0.82415,74.25239038467407
50000,67000,0.30000000000000004,0,0.8239,85.71871185302734
50000,68000,0.30000000000000004,0,0.8224,73.77489280700684
50000,69000,0.30000000000000004,0,0.8207,77.10789823532104
50000,70000,0.30000000000000004,0,0.81655,75.23036575317383
50000,71000,0.30000000000000004,0,0.8179,74.90537762641907
50000,72000,0.30000000000000004,0,0.81665,102.91848087310791
50000,73000,0.30000000000000004,0,0.8134,77.92378616333008
50000,74000,0.30000000000000004,0,0.81585,79.4898042678833
50000,75000,0.30000000000000004,0,0.81175,72.0328619480133
50000,76000,0.30000000000000004,0,0.81085,88.91588735580444
50000,77000,0.30000000000000004,0,0.8124,75.08334302902222
50000,78000,0.30000000000000004,0,0.80925,74.11601448059082
50000,79000,0.30000000000000004,0,0.80825,76.92066836357117
50000,80000,0.30000000000000004,0,0.8025,76.57820463180542
50000,50000,0.30000000000000004,1,0.8428,47.42680597305298
50000,51000,0.30000000000000004,1,0.8423,49.378679037094116
50000,52000,0.30000000000000004,1,0.84045,47.55509400367737
50000,53000,0.30000000000000004,1,0.8416,49.26413345336914
50000,54000,0.30000000000000004,1,0.8417,60.583414793014526
50000,55000,0.30000000000000004,1,0.84175,51.0663743019104
50000,56000,0.30000000000000004,1,0.83925,50.46567726135254
50000,57000,0.30000000000000004,1,0.84095,52.767475605010986
50000,58000,0.30000000000000004,1,0.83705,51.4734308719635
50000,59000,0.30000000000000004,1,0.8368,55.072131872177124
50000,60000,0.30000000000000004,1,0.83755,54.73874545097351
50000,61000,0.30000000000000004,1,0.8378,54.62878394126892
50000,62000,0.30000000000000004,1,0.8379,57.313889026641846
50000,63000,0.30000000000000004,1,0.8397,58.51858854293823
50000,64000,0.30000000000000004,1,0.83875,68.63595533370972
50000,65000,0.30000000000000004,1,0.8362,70.3697555065155
50000,66000,0.30000000000000004,1,0.8362,62.02879738807678
50000,67000,0.30000000000000004,1,0.8348,60.898056507110596
50000,68000,0.30000000000000004,1,0.83795,62.90670299530029
50000,69000,0.30000000000000004,1,0.8383,76.88404536247253
50000,70000,0.30000000000000004,1,0.8335,62.80249071121216
50000,71000,0.30000000000000004,1,0.8303,63.82811665534973
50000,72000,0.30000000000000004,1,0.8328,65.12646341323853
50000,73000,0.30000000000000004,1,0.83365,89.67175483703613
50000,74000,0.30000000000000004,1,0.82895,67.17299222946167
50000,75000,0.30000000000000004,1,0.831,70.24588704109192
50000,76000,0.30000000000000004,1,0.83045,95.78179860115051
50000,77000,0.30000000000000004,1,0.8317,71.53122353553772
50000,78000,0.30000000000000004,1,0.8304,77.03651022911072
50000,79000,0.30000000000000004,1,0.83055,76.23023724555969
50000,80000,0.30000000000000004,1,0.8253,94.35590410232544
50000,50000,0.30000000000000004,2,0.84345,48.222247838974
50000,51000,0.30000000000000004,2,0.8451,49.9743230342865
50000,52000,0.30000000000000004,2,0.8396,46.47785401344299
50000,53000,0.30000000000000004,2,0.84045,48.81108522415161
50000,54000,0.30000000000000004,2,0.83835,48.18129014968872
50000,55000,0.30000000000000004,2,0.84155,48.857335329055786
50000,56000,0.30000000000000004,2,0.8405,49.1600878238678
50000,57000,0.30000000000000004,2,0.8435,51.494802713394165
50000,58000,0.30000000000000004,2,0.8398,53.72743272781372
50000,59000,0.30000000000000004,2,0.83685,51.827014207839966
50000,60000,0.30000000000000004,2,0.8365,52.11097979545593
50000,61000,0.30000000000000004,2,0.84045,55.64629626274109
50000,62000,0.30000000000000004,2,0.83855,56.13166165351868
50000,63000,0.30000000000000004,2,0.8393,59.31887602806091
50000,64000,0.30000000000000004,2,0.83575,65.1151762008667
50000,65000,0.30000000000000004,2,0.83625,63.931926012039185
50000,66000,0.30000000000000004,2,0.83485,62.47934412956238
50000,67000,0.30000000000000004,2,0.82955,69.1459481716156
50000,68000,0.30000000000000004,2,0.83185,63.5534987449646
50000,69000,0.30000000000000004,2,0.83405,63.57579827308655
50000,70000,0.30000000000000004,2,0.8335,65.37257194519043
50000,71000,0.30000000000000004,2,0.83025,64.47657775878906
50000,72000,0.30000000000000004,2,0.83205,65.99926137924194
50000,73000,0.30000000000000004,2,0.82825,65.83997750282288
50000,74000,0.30000000000000004,2,0.831,68.19241333007812
50000,75000,0.30000000000000004,2,0.82605,67.83731174468994
50000,76000,0.30000000000000004,2,0.82715,68.23564577102661
50000,77000,0.30000000000000004,2,0.8264,78.48217129707336
50000,78000,0.30000000000000004,2,0.82455,71.3415687084198
50000,79000,0.30000000000000004,2,0.82445,70.31694889068604
50000,80000,0.30000000000000004,2,0.822,74.99339938163757
50000,50000,0.30000000000000004,3,0.8409,50.59258317947388
50000,51000,0.30000000000000004,3,0.8412,47.967557430267334
50000,52000,0.30000000000000004,3,0.84475,49.788151264190674
50000,53000,0.30000000000000004,3,0.83985,49.44744300842285
50000,54000,0.30000000000000004,3,0.8435,51.528613328933716
50000,55000,0.30000000000000004,3,0.8412,50.905747413635254
50000,56000,0.30000000000000004,3,0.8424,51.9368314743042
50000,57000,0.30000000000000004,3,0.84375,53.940807580947876
50000,58000,0.30000000000000004,3,0.84205,55.307693004608154
50000,59000,0.30000000000000004,3,0.83595,53.571261405944824
50000,60000,0.30000000000000004,3,0.83935,55.325066566467285
50000,61000,0.30000000000000004,3,0.8402,56.45135045051575
50000,62000,0.30000000000000004,3,0.8373,56.047630310058594
50000,63000,0.30000000000000004,3,0.83715,68.53580904006958
50000,64000,0.30000000000000004,3,0.83255,58.19428539276123
50000,65000,0.30000000000000004,3,0.83495,59.89239716529846
50000,66000,0.30000000000000004,3,0.83305,58.85201454162598
50000,67000,0.30000000000000004,3,0.8325,62.142742395401
50000,68000,0.30000000000000004,3,0.8309,62.29425501823425
50000,69000,0.30000000000000004,3,0.8301,62.2950005531311
50000,70000,0.30000000000000004,3,0.8304,63.12951636314392
50000,71000,0.30000000000000004,3,0.8238,67.36492681503296
50000,72000,0.30000000000000004,3,0.82695,68.08424997329712
50000,73000,0.30000000000000004,3,0.82575,68.94535779953003
50000,74000,0.30000000000000004,3,0.82715,68.98286628723145
50000,75000,0.30000000000000004,3,0.82445,68.8153748512268
50000,76000,0.30000000000000004,3,0.8217,85.66593670845032
50000,77000,0.30000000000000004,3,0.82185,75.49882364273071
50000,78000,0.30000000000000004,3,0.81965,72.37025737762451
50000,79000,0.30000000000000004,3,0.81665,101.32613396644592
50000,80000,0.30000000000000004,3,0.8159,75.44924283027649
50000,50000,0.30000000000000004,4,0.84125,58.09252667427063
50000,51000,0.30000000000000004,4,0.84125,51.107219219207764
50000,52000,0.30000000000000004,4,0.83895,53.3177273273468
50000,53000,0.30000000000000004,4,0.83945,51.045523166656494
50000,54000,0.30000000000000004,4,0.8412,54.613144874572754
50000,55000,0.30000000000000004,4,0.84,52.800213098526
50000,56000,0.30000000000000004,4,0.84075,54.0847373008728
50000,57000,0.30000000000000004,4,0.8395,54.439900398254395
50000,58000,0.30000000000000004,4,0.83715,54.82030415534973
50000,59000,0.30000000000000004,4,0.84055,53.53748083114624
50000,60000,0.30000000000000004,4,0.83905,55.82026648521423
50000,61000,0.30000000000000004,4,0.84,56.976783990859985
50000,62000,0.30000000000000004,4,0.83815,61.020379066467285
50000,63000,0.30000000000000004,4,0.8368,62.2940890789032
50000,64000,0.30000000000000004,4,0.8376,63.958250999450684
50000,65000,0.30000000000000004,4,0.83635,61.3567111492157
50000,66000,0.30000000000000004,4,0.83515,64.14422225952148
50000,67000,0.30000000000000004,4,0.837,63.26610589027405
50000,68000,0.30000000000000004,4,0.83485,64.46254086494446
50000,69000,0.30000000000000004,4,0.8292,65.31444597244263
50000,70000,0.30000000000000004,4,0.83095,68.08524990081787
50000,71000,0.30000000000000004,4,0.8287,67.19716906547546
50000,72000,0.30000000000000004,4,0.8322,94.03898000717163
50000,73000,0.30000000000000004,4,0.82955,68.49263405799866
50000,74000,0.30000000000000004,4,0.82945,82.66431045532227
50000,75000,0.30000000000000004,4,0.8301,68.47678875923157
50000,76000,0.30000000000000004,4,0.82625,88.30449151992798
50000,77000,0.30000000000000004,4,0.8264,73.30406022071838
50000,78000,0.30000000000000004,4,0.827,77.30883884429932
50000,79000,0.30000000000000004,4,0.82555,73.44664740562439
50000,80000,0.30000000000000004,4,0.82375,87.4189805984497
50000,50000,0.4,0,0.84465,55.943543672561646
50000,51000,0.4,0,0.8427,47.65792775154114
50000,52000,0.4,0,0.83975,49.24561285972595
50000,53000,0.4,0,0.83915,49.07581806182861
50000,54000,0.4,0,0.8374,51.65743279457092
50000,55000,0.4,0,0.8378,50.42587327957153
50000,56000,0.4,0,0.8358,52.71039128303528
50000,57000,0.4,0,0.83745,53.59380531311035
50000,58000,0.4,0,0.8303,63.200159788131714
50000,59000,0.4,0,0.8324,53.15061354637146
50000,60000,0.4,0,0.83225,54.94134974479675
50000,61000,0.4,0,0.8293,54.55089449882507
50000,62000,0.4,0,0.8273,56.65351438522339
50000,63000,0.4,0,0.83215,57.447322607040405
50000,64000,0.4,0,0.82855,57.109689712524414
50000,65000,0.4,0,0.82515,58.47766447067261
50000,66000,0.4,0,0.82535,60.080402851104736
50000,67000,0.4,0,0.81885,66.98824620246887
50000,68000,0.4,0,0.8216,68.43745875358582
50000,69000,0.4,0,0.8192,66.12340235710144
50000,70000,0.4,0,0.8179,69.7120521068573
50000,71000,0.4,0,0.81595,69.11523008346558
50000,72000,0.4,0,0.8148,70.99173903465271
50000,73000,0.4,0,0.81145,74.16220808029175
50000,74000,0.4,0,0.80855,84.88893055915833
50000,75000,0.4,0,0.8033,73.45529437065125
50000,76000,0.4,0,0.80855,83.76590943336487
50000,77000,0.4,0,0.8013,80.72866678237915
50000,78000,0.4,0,0.80025,71.30576181411743
50000,79000,0.4,0,0.8024,76.29819512367249
50000,80000,0.4,0,0.8021,77.99086570739746
50000,50000,0.4,1,0.8425,49.832764625549316
50000,51000,0.4,1,0.8417,52.48054099082947
50000,52000,0.4,1,0.8383,51.54781627655029
50000,53000,0.4,1,0.8362,50.84539532661438
50000,54000,0.4,1,0.83805,50.78663444519043
50000,55000,0.4,1,0.83605,51.09923481941223
50000,56000,0.4,1,0.83325,52.98028016090393
50000,57000,0.4,1,0.83405,53.18545937538147
50000,58000,0.4,1,0.8326,54.178565979003906
50000,59000,0.4,1,0.8296,53.816147327423096
50000,60000,0.4,1,0.82835,56.07521390914917
50000,61000,0.4,1,0.82755,59.43034219741821
50000,62000,0.4,1,0.82545,59.22700619697571
50000,63000,0.4,1,0.8218,63.714712619781494
50000,64000,0.4,1,0.82345,84.02139949798584
50000,65000,0.4,1,0.8224,64.7461667060852
50000,66000,0.4,1,0.82355,64.8343915939331
50000,67000,0.4,1,0.81875,64.92725133895874
50000,68000,0.4,1,0.8177,63.98997974395752
50000,69000,0.4,1,0.8142,67.24150705337524
50000,70000,0.4,1,0.8133,66.73379969596863
50000,71000,0.4,1,0.81525,65.62426400184631
50000,72000,0.4,1,0.8149,68.54452133178711
50000,73000,0.4,1,0.8074,72.28066039085388
50000,74000,0.4,1,0.8067,82.51357841491699
50000,75000,0.4,1,0.8043,73.18557071685791
50000,76000,0.4,1,0.802,88.29624199867249
50000,77000,0.4,1,0.79815,75.14909482002258
50000,78000,0.4,1,0.7972,73.42691898345947
50000,79000,0.4,1,0.7944,76.14103102684021
50000,80000,0.4,1,0.79415,74.69605493545532
50000,50000,0.4,2,0.84775,55.11776328086853
50000,51000,0.4,2,0.8487,55.507474184036255
50000,52000,0.4,2,0.8487,53.928072929382324
50000,53000,0.4,2,0.848,66.25463676452637
50000,54000,0.4,2,0.8479,55.31980895996094
50000,55000,0.4,2,0.84675,55.77197194099426
50000,56000,0.4,2,0.84625,58.388269662857056
50000,57000,0.4,2,0.84425,59.56059455871582
50000,58000,0.4,2,0.8466,61.087358236312866
50000,59000,0.4,2,0.84625,74.15580463409424
50000,60000,0.4,2,0.84585,64.55730509757996
50000,61000,0.4,2,0.8425,64.06305980682373
50000,62000,0.4,2,0.84445,66.17925524711609
50000,63000,0.4,2,0.8411,66.39707207679749
50000,64000,0.4,2,0.84105,68.41685843467712
50000,65000,0.4,2,0.83825,65.28836560249329
50000,66000,0.4,2,0.8421,66.50787425041199
50000,67000,0.4,2,0.83785,67.44443249702454
50000,68000,0.4,2,0.83465,68.71586227416992
50000,69000,0.4,2,0.83505,68.50622892379761
50000,70000,0.4,2,0.834,69.86735463142395
50000,71000,0.4,2,0.8297,96.24209666252136
50000,72000,0.4,2,0.8311,76.51211094856262
50000,73000,0.4,2,0.82845,68.61439156532288
50000,74000,0.4,2,0.8275,69.49403524398804
50000,75000,0.4,2,0.82725,67.92623686790466
50000,76000,0.4,2,0.82295,71.0152645111084
50000,77000,0.4,2,0.8249,73.13479399681091
50000,78000,0.4,2,0.82235,74.6647424697876
50000,79000,0.4,2,0.81475,71.39230680465698
50000,80000,0.4,2,0.81465,73.64837694168091
50000,50000,0.4,3,0.84535,46.33642935752869
50000,51000,0.4,3,0.8434,46.46191048622131
50000,52000,0.4,3,0.84295,46.71718955039978
50000,53000,0.4,3,0.84125,48.96217703819275
50000,54000,0.4,3,0.84345,51.23438620567322
50000,55000,0.4,3,0.83835,50.11868715286255
50000,56000,0.4,3,0.8408,50.47217798233032
50000,57000,0.4,3,0.83985,50.07556509971619
50000,58000,0.4,3,0.83595,53.003159523010254
50000,59000,0.4,3,0.83435,52.66862106323242
50000,60000,0.4,3,0.83305,54.71208596229553
50000,61000,0.4,3,0.8296,54.332467555999756
50000,62000,0.4,3,0.83395,58.223801612854004
50000,63000,0.4,3,0.8319,55.09356212615967
50000,64000,0.4,3,0.8299,59.53532099723816
50000,65000,0.4,3,0.82945,58.927350759506226
50000,66000,0.4,3,0.8277,73.37727522850037
50000,67000,0.4,3,0.82745,62.05414175987244
50000,68000,0.4,3,0.82425,62.48894000053406
50000,69000,0.4,3,0.8241,64.26267313957214
50000,70000,0.4,3,0.8222,63.581456661224365
50000,71000,0.4,3,0.81825,63.78230285644531
50000,72000,0.4,3,0.81535,62.83993172645569
50000,73000,0.4,3,0.81675,64.70977663993835
50000,74000,0.4,3,0.8122,65.80346870422363
50000,75000,0.4,3,0.8101,66.51696681976318
50000,76000,0.4,3,0.8075,70.01452422142029
50000,77000,0.4,3,0.8106,72.94317269325256
50000,78000,0.4,3,0.802,71.09091687202454
50000,79000,0.4,3,0.8023,74.24007296562195
50000,80000,0.4,3,0.8008,74.86320877075195
50000,50000,0.4,4,0.83655,50.80768585205078
50000,51000,0.4,4,0.832,52.10435485839844
50000,52000,0.4,4,0.83085,51.07185769081116
50000,53000,0.4,4,0.83225,55.64451861381531
50000,54000,0.4,4,0.8302,52.040547132492065
50000,55000,0.4,4,0.82955,52.129363775253296
50000,56000,0.4,4,0.82835,55.53283143043518
50000,57000,0.4,4,0.82045,53.7372522354126
50000,58000,0.4,4,0.8213,66.65400385856628
50000,59000,0.4,4,0.8184,56.60372281074524
50000,60000,0.4,4,0.8194,64.02471733093262
50000,61000,0.4,4,0.81645,64.9841787815094
50000,62000,0.4,4,0.81455,65.36905646324158
50000,63000,0.4,4,0.80995,66.77722597122192
50000,64000,0.4,4,0.81055,69.25992131233215
50000,65000,0.4,4,0.806,64.58280992507935
50000,66000,0.4,4,0.8095,68.59536361694336
50000,67000,0.4,4,0.80575,68.48538541793823
50000,68000,0.4,4,0.80375,67.8262345790863
50000,69000,0.4,4,0.80385,68.23092603683472
50000,70000,0.4,4,0.80105,70.12024760246277
50000,71000,0.4,4,0.79755,74.21410059928894
50000,72000,0.4,4,0.79515,72.19373846054077
50000,73000,0.4,4,0.7913,76.63858008384705
50000,74000,0.4,4,0.79035,76.7925374507904
50000,75000,0.4,4,0.7838,75.7477240562439
50000,76000,0.4,4,0.79,75.57087135314941
50000,77000,0.4,4,0.78365,77.471688747406
50000,78000,0.4,4,0.77815,75.93807482719421
50000,79000,0.4,4,0.7735,74.86577129364014
50000,80000,0.4,4,0.7745,78.94553303718567
50000,50000,0.5,0,0.8343,46.46466422080994
50000,51000,0.5,0,0.83385,48.084319829940796
50000,52000,0.5,0,0.83255,47.79193639755249
50000,53000,0.5,0,0.82965,58.527528524398804
50000,54000,0.5,0,0.82965,49.72008466720581
50000,55000,0.5,0,0.82815,48.687562704086304
50000,56000,0.5,0,0.8255,51.04069471359253
50000,57000,0.5,0,0.81985,51.44655394554138
50000,58000,0.5,0,0.8195,52.2589635848999
50000,59000,0.5,0,0.81545,54.36334276199341
50000,60000,0.5,0,0.8139,55.32391571998596
50000,61000,0.5,0,0.81085,56.160884618759155
50000,62000,0.5,0,0.8033,57.20962738990784
50000,63000,0.5,0,0.8012,58.5652551651001
50000,64000,0.5,0,0.7992,57.8341748714447
50000,65000,0.5,0,0.7925,60.174455642700195
50000,66000,0.5,0,0.79,61.64855909347534
50000,67000,0.5,0,0.7885,63.248507261276245
50000,68000,0.5,0,0.78065,63.59280443191528
50000,69000,0.5,0,0.779,64.62009000778198
50000,70000,0.5,0,0.77415,65.22394561767578
50000,71000,0.5,0,0.7706,65.24661374092102
50000,72000,0.5,0,0.76395,81.00156998634338
50000,73000,0.5,0,0.75635,66.45641827583313
50000,74000,0.5,0,0.75495,66.19199275970459
50000,75000,0.5,0,0.75295,73.75582456588745
50000,76000,0.5,0,0.7433,70.34358763694763
50000,77000,0.5,0,0.7429,72.35419058799744
50000,78000,0.5,0,0.73755,75.9004635810852
50000,79000,0.5,0,0.72975,77.68902254104614
50000,80000,0.5,0,0.7252,73.84423327445984
50000,50000,0.5,1,0.84395,51.73303008079529
50000,51000,0.5,1,0.84725,51.590266942977905
50000,52000,0.5,1,0.8441,50.22456192970276
50000,53000,0.5,1,0.84165,52.13249135017395
50000,54000,0.5,1,0.8393,51.92575263977051
50000,55000,0.5,1,0.84365,51.27448010444641
50000,56000,0.5,1,0.84045,63.5746910572052
50000,57000,0.5,1,0.83945,52.35288429260254
50000,58000,0.5,1,0.83775,51.52633786201477
50000,59000,0.5,1,0.8334,52.623613357543945
50000,60000,0.5,1,0.83395,54.74111318588257
50000,61000,0.5,1,0.8375,64.77676963806152
50000,62000,0.5,1,0.83425,55.70478820800781
50000,63000,0.5,1,0.83335,57.56058311462402
50000,64000,0.5,1,0.829,59.501885175704956
50000,65000,0.5,1,0.83065,60.40925455093384
50000,66000,0.5,1,0.82465,59.3377468585968
50000,67000,0.5,1,0.8254,72.4798834323883
50000,68000,0.5,1,0.82545,63.14326000213623
50000,69000,0.5,1,0.821,64.87221050262451
50000,70000,0.5,1,0.82275,62.76567530632019
50000,71000,0.5,1,0.82275,66.75734567642212
50000,72000,0.5,1,0.81535,64.60461831092834
50000,73000,0.5,1,0.81825,66.24403595924377
50000,74000,0.5,1,0.81265,69.283043384552
50000,75000,0.5,1,0.8101,70.82054376602173
50000,76000,0.5,1,0.80705,82.08325004577637
50000,77000,0.5,1,0.80715,75.76331043243408
50000,78000,0.5,1,0.80115,73.58914709091187
50000,79000,0.5,1,0.80165,74.69316625595093
50000,80000,0.5,1,0.7947,88.85532355308533
50000,50000,0.5,2,0.84325,46.85628962516785
50000,51000,0.5,2,0.84195,48.142664670944214
50000,52000,0.5,2,0.8397,47.751431703567505
50000,53000,0.5,2,0.8364,49.87157654762268
50000,54000,0.5,2,0.83525,50.797873735427856
50000,55000,0.5,2,0.83305,52.93099808692932
50000,56000,0.5,2,0.8309,52.73923397064209
50000,57000,0.5,2,0.8277,51.52199172973633
50000,58000,0.5,2,0.82925,53.69973874092102
50000,59000,0.5,2,0.82565,55.005271196365356
50000,60000,0.5,2,0.82605,57.08950877189636
50000,61000,0.5,2,0.8204,62.53676795959473
50000,62000,0.5,2,0.8173,64.85675120353699
50000,63000,0.5,2,0.81245,64.56490516662598
50000,64000,0.5,2,0.8117,70.74451351165771
50000,65000,0.5,2,0.8089,65.27565884590149
50000,66000,0.5,2,0.80115,65.44171094894409
50000,67000,0.5,2,0.79915,64.29641461372375
50000,68000,0.5,2,0.79425,66.13945627212524
50000,69000,0.5,2,0.7945,68.13759279251099
50000,70000,0.5,2,0.78895,69.73369121551514
50000,71000,0.5,2,0.7891,72.75547575950623
50000,72000,0.5,2,0.78145,72.42030429840088
50000,73000,0.5,2,0.7779,89.79098916053772
50000,74000,0.5,2,0.77775,78.115309715271
50000,75000,0.5,2,0.77035,74.57379746437073
50000,76000,0.5,2,0.7634,76.51337957382202
50000,77000,0.5,2,0.75785,78.82457637786865
50000,78000,0.5,2,0.7566,77.12036561965942
50000,79000,0.5,2,0.7499,76.90087342262268
50000,80000,0.5,2,0.74335,78.29045557975769
50000,50000,0.5,3,0.85005,52.12299990653992
50000,51000,0.5,3,0.8488,54.20229172706604
50000,52000,0.5,3,0.85075,53.07386541366577
50000,53000,0.5,3,0.848,53.94815015792847
50000,54000,0.5,3,0.8437,55.79427218437195
50000,55000,0.5,3,0.8432,57.945037841796875
50000,56000,0.5,3,0.8468,58.531306743621826
50000,57000,0.5,3,0.84335,61.48918104171753
50000,58000,0.5,3,0.8431,64.01143193244934
50000,59000,0.5,3,0.8444,56.074140787124634
50000,60000,0.5,3,0.8413,57.27396559715271
50000,61000,0.5,3,0.8409,64.48113560676575
50000,62000,0.5,3,0.8392,59.53680634498596
50000,63000,0.5,3,0.83595,63.94330883026123
50000,64000,0.5,3,0.83475,60.6059091091156
50000,65000,0.5,3,0.83325,62.12663650512695
50000,66000,0.5,3,0.83115,63.71509671211243
50000,67000,0.5,3,0.82855,67.46167230606079
50000,68000,0.5,3,0.8284,65.1381185054779
50000,69000,0.5,3,0.8283,65.63937091827393
50000,70000,0.5,3,0.82585,66.38469123840332
50000,71000,0.5,3,0.8197,67.05546498298645
50000,72000,0.5,3,0.81885,69.66076183319092
50000,73000,0.5,3,0.81505,71.51087594032288
50000,74000,0.5,3,0.8122,76.86490988731384
50000,75000,0.5,3,0.80545,76.77474761009216
50000,76000,0.5,3,0.80285,71.55217409133911
50000,77000,0.5,3,0.7998,73.89704132080078
50000,78000,0.5,3,0.7976,79.35688591003418
50000,79000,0.5,3,0.7927,76.02725338935852
50000,80000,0.5,3,0.788,80.58272767066956
50000,50000,0.5,4,0.83905,46.49615287780762
50000,51000,0.5,4,0.8412,48.85018825531006
50000,52000,0.5,4,0.8373,47.676549673080444
50000,53000,0.5,4,0.8367,50.898212909698486
50000,54000,0.5,4,0.8385,52.005608558654785
50000,55000,0.5,4,0.83435,53.15082406997681
50000,56000,0.5,4,0.83305,50.23417854309082
50000,57000,0.5,4,0.83365,53.97172427177429
50000,58000,0.5,4,0.83,55.39361763000488
50000,59000,0.5,4,0.82685,54.11476707458496
50000,60000,0.5,4,0.8266,54.796785831451416
50000,61000,0.5,4,0.82435,56.770692110061646
50000,62000,0.5,4,0.82535,57.85112404823303
50000,63000,0.5,4,0.82315,69.31506729125977
50000,64000,0.5,4,0.81915,58.01996302604675
50000,65000,0.5,4,0.8157,59.09430646896362
50000,66000,0.5,4,0.81005,59.839831590652466
50000,67000,0.5,4,0.81135,77.26171612739563
50000,68000,0.5,4,0.8089,63.3368706703186
50000,69000,0.5,4,0.8083,63.02273917198181
50000,70000,0.5,4,0.80465,62.26064491271973
50000,71000,0.5,4,0.8015,64.4451699256897
50000,72000,0.5,4,0.80075,66.29798102378845
50000,73000,0.5,4,0.7968,66.61665105819702
50000,74000,0.5,4,0.79275,68.10831880569458
50000,75000,0.5,4,0.7867,69.46481370925903
50000,76000,0.5,4,0.7873,70.63036131858826
50000,77000,0.5,4,0.78285,73.10292029380798
50000,78000,0.5,4,0.7759,76.04822397232056
50000,79000,0.5,4,0.77355,77.98910975456238
50000,80000,0.5,4,0.7659,79.99203038215637
50000,50000,0.6000000000000001,0,0.83855,54.262518644332886
50000,51000,0.6000000000000001,0,0.8383,53.21984839439392
50000,52000,0.6000000000000001,0,0.83945,65.24850821495056
50000,53000,0.6000000000000001,0,0.8364,55.24459958076477
50000,54000,0.6000000000000001,0,0.83545,56.13609004020691
50000,55000,0.6000000000000001,0,0.83275,58.21568965911865
50000,56000,0.6000000000000001,0,0.8302,60.36245536804199
50000,57000,0.6000000000000001,0,0.8308,59.81197810173035
50000,58000,0.6000000000000001,0,0.8236,64.24669766426086
50000,59000,0.6000000000000001,0,0.828,52.904234409332275
50000,60000,0.6000000000000001,0,0.82515,55.24648904800415
50000,61000,0.6000000000000001,0,0.82425,56.499027490615845
50000,62000,0.6000000000000001,0,0.82495,57.23790788650513
50000,63000,0.6000000000000001,0,0.81995,58.68268966674805
50000,64000,0.6000000000000001,0,0.817,71.06286430358887
50000,65000,0.6000000000000001,0,0.8132,60.55287170410156
50000,66000,0.6000000000000001,0,0.81185,63.51029634475708
50000,67000,0.6000000000000001,0,0.80975,61.23546838760376
50000,68000,0.6000000000000001,0,0.80155,61.025946855545044
50000,69000,0.6000000000000001,0,0.79965,62.357229232788086
50000,70000,0.6000000000000001,0,0.79325,78.14108848571777
50000,71000,0.6000000000000001,0,0.7892,69.46450662612915
50000,72000,0.6000000000000001,0,0.7837,69.32037043571472
50000,73000,0.6000000000000001,0,0.7802,70.4531180858612
50000,74000,0.6000000000000001,0,0.77,71.45048689842224
50000,75000,0.6000000000000001,0,0.76875,101.86295342445374
50000,76000,0.6000000000000001,0,0.7612,76.98214530944824
50000,77000,0.6000000000000001,0,0.75475,75.0314347743988
50000,78000,0.6000000000000001,0,0.7466,74.1904890537262
50000,79000,0.6000000000000001,0,0.73645,72.27243447303772
50000,80000,0.6000000000000001,0,0.72965,73.45021033287048
50000,50000,0.6000000000000001,1,0.84615,62.663066148757935
50000,51000,0.6000000000000001,1,0.84375,53.01419186592102
50000,52000,0.6000000000000001,1,0.84435,54.6410756111145
50000,53000,0.6000000000000001,1,0.8419,55.37635517120361
50000,54000,0.6000000000000001,1,0.84055,56.17586588859558
50000,55000,0.6000000000000001,1,0.8405,59.40784788131714
50000,56000,0.6000000000000001,1,0.8398,59.097686767578125
50000,57000,0.6000000000000001,1,0.83645,58.994805335998535
50000,58000,0.6000000000000001,1,0.8371,63.736159563064575
50000,59000,0.6000000000000001,1,0.83535,61.66116976737976
50000,60000,0.6000000000000001,1,0.83515,62.74391293525696
50000,61000,0.6000000000000001,1,0.8307,62.92526054382324
50000,62000,0.6000000000000001,1,0.82905,60.184417486190796
50000,63000,0.6000000000000001,1,0.8251,64.52669501304626
50000,64000,0.6000000000000001,1,0.8256,73.00166201591492
50000,65000,0.6000000000000001,1,0.8186,61.82820153236389
50000,66000,0.6000000000000001,1,0.82215,63.59389305114746
50000,67000,0.6000000000000001,1,0.8143,63.23507285118103
50000,68000,0.6000000000000001,1,0.81025,65.34891891479492
50000,69000,0.6000000000000001,1,0.80745,79.6962080001831
50000,70000,0.6000000000000001,1,0.80135,66.73079371452332
50000,71000,0.6000000000000001,1,0.7984,94.45987725257874
50000,72000,0.6000000000000001,1,0.7967,70.56517124176025
50000,73000,0.6000000000000001,1,0.786,71.36609125137329
50000,74000,0.6000000000000001,1,0.7806,73.44439339637756
50000,75000,0.6000000000000001,1,0.77805,76.68597912788391
50000,76000,0.6000000000000001,1,0.77245,76.13896369934082
50000,77000,0.6000000000000001,1,0.76725,73.04655146598816
50000,78000,0.6000000000000001,1,0.762,75.62403750419617
50000,79000,0.6000000000000001,1,0.7579,107.11411547660828
50000,80000,0.6000000000000001,1,0.7492,75.04086828231812
50000,50000,0.6000000000000001,2,0.8351,48.06598615646362
50000,51000,0.6000000000000001,2,0.8317,49.30927753448486
50000,52000,0.6000000000000001,2,0.83035,53.67809820175171
50000,53000,0.6000000000000001,2,0.8312,48.78382182121277
50000,54000,0.6000000000000001,2,0.8265,50.94149923324585
50000,55000,0.6000000000000001,2,0.8237,54.74514031410217
50000,56000,0.6000000000000001,2,0.8207,59.279725074768066
50000,57000,0.6000000000000001,2,0.8187,70.4112446308136
50000,58000,0.6000000000000001,2,0.8164,65.6908540725708
50000,59000,0.6000000000000001,2,0.8154,63.189440965652466
50000,60000,0.6000000000000001,2,0.8125,61.78568649291992
50000,61000,0.6000000000000001,2,0.80665,62.287758350372314
50000,62000,0.6000000000000001,2,0.8036,63.01731610298157
50000,63000,0.6000000000000001,2,0.7998,62.48054814338684
50000,64000,0.6000000000000001,2,0.7955,63.770267724990845
50000,65000,0.6000000000000001,2,0.7903,66.7772843837738
50000,66000,0.6000000000000001,2,0.7898,64.18542861938477
50000,67000,0.6000000000000001,2,0.7827,64.34747624397278
50000,68000,0.6000000000000001,2,0.77455,87.58410692214966
50000,69000,0.6000000000000001,2,0.77305,69.86935114860535
50000,70000,0.6000000000000001,2,0.76745,67.93863439559937
50000,71000,0.6000000000000001,2,0.7607,68.64844250679016
50000,72000,0.6000000000000001,2,0.7551,71.74959564208984
50000,73000,0.6000000000000001,2,0.7469,73.36773562431335
50000,74000,0.6000000000000001,2,0.743,77.00961637496948
50000,75000,0.6000000000000001,2,0.73585,89.26117706298828
50000,76000,0.6000000000000001,2,0.7286,73.12228918075562
50000,77000,0.6000000000000001,2,0.7239,72.99181056022644
50000,78000,0.6000000000000001,2,0.71725,76.56668639183044
50000,79000,0.6000000000000001,2,0.70955,78.33782458305359
50000,80000,0.6000000000000001,2,0.7001,84.5185968875885
50000,50000,0.6000000000000001,3,0.846,45.81311106681824
50000,51000,0.6000000000000001,3,0.8446,49.97275424003601
50000,52000,0.6000000000000001,3,0.84285,59.7742235660553
50000,53000,0.6000000000000001,3,0.84295,54.12216877937317
50000,54000,0.6000000000000001,3,0.8428,55.97413754463196
50000,55000,0.6000000000000001,3,0.8391,56.48981189727783
50000,56000,0.6000000000000001,3,0.84,55.169304847717285
50000,57000,0.6000000000000001,3,0.839,53.49317383766174
50000,58000,0.6000000000000001,3,0.83855,52.034358739852905
50000,59000,0.6000000000000001,3,0.8373,52.9518084526062
50000,60000,0.6000000000000001,3,0.8346,56.16461491584778
50000,61000,0.6000000000000001,3,0.83515,57.83846664428711
50000,62000,0.6000000000000001,3,0.8337,59.67944145202637
50000,63000,0.6000000000000001,3,0.83485,59.76160144805908
50000,64000,0.6000000000000001,3,0.8304,61.01684617996216
50000,65000,0.6000000000000001,3,0.8274,63.77942204475403
50000,66000,0.6000000000000001,3,0.8267,61.96122121810913
50000,67000,0.6000000000000001,3,0.82135,62.35111737251282
50000,68000,0.6000000000000001,3,0.82445,68.4477059841156
50000,69000,0.6000000000000001,3,0.8186,67.00502347946167
50000,70000,0.6000000000000001,3,0.8185,68.09731435775757
50000,71000,0.6000000000000001,3,0.81815,71.20974063873291
50000,72000,0.6000000000000001,3,0.81445,68.96174669265747
50000,73000,0.6000000000000001,3,0.8145,85.81500887870789
50000,74000,0.6000000000000001,3,0.81135,73.74403023719788
50000,75000,0.6000000000000001,3,0.80955,75.22535133361816
50000,76000,0.6000000000000001,3,0.80355,76.43174648284912
50000,77000,0.6000000000000001,3,0.80015,76.42487144470215
50000,78000,0.6000000000000001,3,0.79965,81.22762537002563
50000,79000,0.6000000000000001,3,0.79145,77.66359639167786
50000,80000,0.6000000000000001,3,0.7875,79.41965627670288
50000,50000,0.6000000000000001,4,0.84535,46.889972448349
50000,51000,0.6000000000000001,4,0.8415,55.599822998046875
50000,52000,0.6000000000000001,4,0.84455,49.28213381767273
50000,53000,0.6000000000000001,4,0.84425,49.4407320022583
50000,54000,0.6000000000000001,4,0.8418,57.29807925224304
50000,55000,0.6000000000000001,4,0.84315,51.495317220687866
50000,56000,0.6000000000000001,4,0.8394,51.449273109436035
50000,57000,0.6000000000000001,4,0.8368,52.65614557266235
50000,58000,0.6000000000000001,4,0.83575,53.97383952140808
50000,59000,0.6000000000000001,4,0.8335,54.9772162437439
50000,60000,0.6000000000000001,4,0.834,56.238065242767334
50000,61000,0.6000000000000001,4,0.8326,56.23369359970093
50000,62000,0.6000000000000001,4,0.82945,57.5961492061615
50000,63000,0.6000000000000001,4,0.8316,58.65630006790161
50000,64000,0.6000000000000001,4,0.82415,59.84459686279297
50000,65000,0.6000000000000001,4,0.82395,60.24012231826782
50000,66000,0.6000000000000001,4,0.82135,64.2975869178772
50000,67000,0.6000000000000001,4,0.82125,69.89495515823364
50000,68000,0.6000000000000001,4,0.819,65.65294742584229
50000,69000,0.6000000000000001,4,0.8192,68.57084107398987
50000,70000,0.6000000000000001,4,0.8148,66.987300157547
50000,71000,0.6000000000000001,4,0.8122,64.75855660438538
50000,72000,0.6000000000000001,4,0.80775,67.44600200653076
50000,73000,0.6000000000000001,4,0.80485,81.60156989097595
50000,74000,0.6000000000000001,4,0.8021,69.08511805534363
50000,75000,0.6000000000000001,4,0.7986,72.2104697227478
50000,76000,0.6000000000000001,4,0.79675,71.18289685249329
50000,77000,0.6000000000000001,4,0.78975,73.30044102668762
50000,78000,0.6000000000000001,4,0.78645,73.48929977416992
50000,79000,0.6000000000000001,4,0.78135,74.01839423179626
50000,80000,0.6000000000000001,4,0.7744,77.97781896591187
50000,50000,0.7000000000000001,0,0.83705,48.15035653114319
50000,51000,0.7000000000000001,0,0.8351,47.08958840370178
50000,52000,0.7000000000000001,0,0.83105,57.653693199157715
50000,53000,0.7000000000000001,0,0.83065,48.655423164367676
50000,54000,0.7000000000000001,0,0.8257,48.121049880981445
50000,55000,0.7000000000000001,0,0.82415,51.23510932922363
50000,56000,0.7000000000000001,0,0.82285,52.029813289642334
50000,57000,0.7000000000000001,0,0.8171,51.93644332885742
50000,58000,0.7000000000000001,0,0.8136,56.21758460998535
50000,59000,0.7000000000000001,0,0.8067,56.69450807571411
50000,60000,0.7000000000000001,0,0.79895,62.52890658378601
50000,61000,0.7000000000000001,0,0.79295,62.42952013015747
50000,62000,0.7000000000000001,0,0.78655,57.576072692871094
50000,63000,0.7000000000000001,0,0.7816,61.238116979599
50000,64000,0.7000000000000001,0,0.77585,60.25956153869629
50000,65000,0.7000000000000001,0,0.76705,62.83212757110596
50000,66000,0.7000000000000001,0,0.76025,65.9279408454895
50000,67000,0.7000000000000001,0,0.74745,63.221474170684814
50000,68000,0.7000000000000001,0,0.74195,89.04257321357727
50000,69000,0.7000000000000001,0,0.73225,65.88842272758484
50000,70000,0.7000000000000001,0,0.72255,67.71849179267883
50000,71000,0.7000000000000001,0,0.71315,65.87469482421875
50000,72000,0.7000000000000001,0,0.7029,67.56965517997742
50000,73000,0.7000000000000001,0,0.6953,70.54921245574951
50000,74000,0.7000000000000001,0,0.68035,68.56151270866394
50000,75000,0.7000000000000001,0,0.67465,69.12080597877502
50000,76000,0.7000000000000001,0,0.66055,74.13856482505798
50000,77000,0.7000000000000001,0,0.65025,75.45752286911011
50000,78000,0.7000000000000001,0,0.63895,81.55902767181396
50000,79000,0.7000000000000001,0,0.63365,78.50476670265198
50000,80000,0.7000000000000001,0,0.6199,77.50045132637024
50000,50000,0.7000000000000001,1,0.8483,46.1892991065979
50000,51000,0.7000000000000001,1,0.84785,45.222890853881836
50000,52000,0.7000000000000001,1,0.84735,57.153454542160034
50000,53000,0.7000000000000001,1,0.84555,47.19848942756653
50000,54000,0.7000000000000001,1,0.8435,48.92869758605957
50000,55000,0.7000000000000001,1,0.8433,49.43346858024597
50000,56000,0.7000000000000001,1,0.8442,52.919214487075806
50000,57000,0.7000000000000001,1,0.8426,51.85149955749512
50000,58000,0.7000000000000001,1,0.843,53.70140767097473
50000,59000,0.7000000000000001,1,0.84135,53.45745801925659
50000,60000,0.7000000000000001,1,0.8406,57.94177770614624
50000,61000,0.7000000000000001,1,0.8401,59.93755578994751
50000,62000,0.7000000000000001,1,0.8375,58.94424796104431
50000,63000,0.7000000000000001,1,0.8379,61.380648374557495
50000,64000,0.7000000000000001,1,0.83435,61.46071100234985
50000,65000,0.7000000000000001,1,0.8347,61.964598417282104
50000,66000,0.7000000000000001,1,0.833,64.8336431980133
50000,67000,0.7000000000000001,1,0.82725,62.68733763694763
50000,68000,0.7000000000000001,1,0.82375,63.78457689285278
50000,69000,0.7000000000000001,1,0.8271,68.17669296264648
50000,70000,0.7000000000000001,1,0.8247,64.84525895118713
50000,71000,0.7000000000000001,1,0.81985,68.00592374801636
50000,72000,0.7000000000000001,1,0.8181,67.19470381736755
50000,73000,0.7000000000000001,1,0.8159,68.82900524139404
50000,74000,0.7000000000000001,1,0.8097,70.57410001754761
50000,75000,0.7000000000000001,1,0.80945,69.9800705909729
50000,76000,0.7000000000000001,1,0.8042,73.80374312400818
50000,77000,0.7000000000000001,1,0.8024,88.05633187294006
50000,78000,0.7000000000000001,1,0.7962,74.60220694541931
50000,79000,0.7000000000000001,1,0.79095,78.94046449661255
50000,80000,0.7000000000000001,1,0.78785,81.35920429229736
50000,50000,0.7000000000000001,2,0.84335,46.406405210494995
50000,51000,0.7000000000000001,2,0.8404,46.12800168991089
50000,52000,0.7000000000000001,2,0.8389,64.75849461555481
50000,53000,0.7000000000000001,2,0.8403,48.445239305496216
50000,54000,0.7000000000000001,2,0.83825,51.28282117843628
50000,55000,0.7000000000000001,2,0.83735,56.015294790267944
50000,56000,0.7000000000000001,2,0.83665,58.092175245285034
50000,57000,0.7000000000000001,2,0.8354,56.71705603599548
50000,58000,0.7000000000000001,2,0.8348,67.66669821739197
50000,59000,0.7000000000000001,2,0.8323,57.88782715797424
50000,60000,0.7000000000000001,2,0.8319,58.07089805603027
50000,61000,0.7000000000000001,2,0.82975,58.424084424972534
50000,62000,0.7000000000000001,2,0.8283,59.77346682548523
50000,63000,0.7000000000000001,2,0.82755,70.15267157554626
50000,64000,0.7000000000000001,2,0.82805,74.16093635559082
50000,65000,0.7000000000000001,2,0.8224,75.53425812721252
50000,66000,0.7000000000000001,2,0.8221,65.66291093826294
50000,67000,0.7000000000000001,2,0.8149,63.686240434646606
50000,68000,0.7000000000000001,2,0.81485,66.60933923721313
50000,69000,0.7000000000000001,2,0.81315,65.70639371871948
50000,70000,0.7000000000000001,2,0.80435,66.13285827636719
50000,71000,0.7000000000000001,2,0.801,69.01779198646545
50000,72000,0.7000000000000001,2,0.79615,71.07388925552368
50000,73000,0.7000000000000001,2,0.7955,72.46951746940613
50000,74000,0.7000000000000001,2,0.792,72.20747518539429
50000,75000,0.7000000000000001,2,0.78555,76.61055040359497
50000,76000,0.7000000000000001,2,0.78065,76.86108231544495
50000,77000,0.7000000000000001,2,0.7747,74.0943112373352
50000,78000,0.7000000000000001,2,0.77065,80.03095626831055
50000,79000,0.7000000000000001,2,0.7684,78.67482852935791
50000,80000,0.7000000000000001,2,0.761,74.42364168167114
50000,50000,0.7000000000000001,3,0.8434,46.7876033782959
50000,51000,0.7000000000000001,3,0.84405,49.89984059333801
50000,52000,0.7000000000000001,3,0.8411,49.54597282409668
50000,53000,0.7000000000000001,3,0.84045,50.566115379333496
50000,54000,0.7000000000000001,3,0.84,52.72137212753296
50000,55000,0.7000000000000001,3,0.83845,54.11108946800232
50000,56000,0.7000000000000001,3,0.83735,53.57746624946594
50000,57000,0.7000000000000001,3,0.8335,55.18276405334473
50000,58000,0.7000000000000001,3,0.83525,56.12321448326111
50000,59000,0.7000000000000001,3,0.83015,70.04806709289551
50000,60000,0.7000000000000001,3,0.82875,62.61323881149292
50000,61000,0.7000000000000001,3,0.8235,63.920687675476074
50000,62000,0.7000000000000001,3,0.8195,58.81552052497864
50000,63000,0.7000000000000001,3,0.8152,58.918490171432495
50000,64000,0.7000000000000001,3,0.8119,61.521846294403076
50000,65000,0.7000000000000001,3,0.8073,62.65163969993591
50000,66000,0.7000000000000001,3,0.8082,63.355984926223755
50000,67000,0.7000000000000001,3,0.7983,66.01482343673706
50000,68000,0.7000000000000001,3,0.7932,66.63896608352661
50000,69000,0.7000000000000001,3,0.7894,67.53076910972595
50000,70000,0.7000000000000001,3,0.78235,73.75841546058655
50000,71000,0.7000000000000001,3,0.7723,71.30330157279968
50000,72000,0.7000000000000001,3,0.7635,71.2529079914093
50000,73000,0.7000000000000001,3,0.7573,86.17917060852051
50000,74000,0.7000000000000001,3,0.7508,70.91042709350586
50000,75000,0.7000000000000001,3,0.7403,72.59710144996643
50000,76000,0.7000000000000001,3,0.73345,72.33402276039124
50000,77000,0.7000000000000001,3,0.72305,75.12969064712524
50000,78000,0.7000000000000001,3,0.71795,78.32268571853638
50000,79000,0.7000000000000001,3,0.70655,76.80695986747742
50000,80000,0.7000000000000001,3,0.70135,76.50148606300354
50000,50000,0.7000000000000001,4,0.838,45.56991219520569
50000,51000,0.7000000000000001,4,0.8392,49.665319204330444
50000,52000,0.7000000000000001,4,0.83445,49.837695360183716
50000,53000,0.7000000000000001,4,0.83305,53.10525608062744
50000,54000,0.7000000000000001,4,0.8294,57.36714768409729
50000,55000,0.7000000000000001,4,0.82965,56.60968518257141
50000,56000,0.7000000000000001,4,0.8268,54.1796932220459
50000,57000,0.7000000000000001,4,0.8248,56.096434593200684
50000,58000,0.7000000000000001,4,0.8223,57.422057151794434
50000,59000,0.7000000000000001,4,0.81935,60.17706847190857
50000,60000,0.7000000000000001,4,0.8177,59.79550766944885
50000,61000,0.7000000000000001,4,0.8141,60.02691602706909
50000,62000,0.7000000000000001,4,0.81015,61.10274958610535
50000,63000,0.7000000000000001,4,0.80465,61.87129855155945
50000,64000,0.7000000000000001,4,0.79535,62.185792684555054
50000,65000,0.7000000000000001,4,0.79245,65.30478978157043
50000,66000,0.7000000000000001,4,0.7829,69.05128192901611
50000,67000,0.7000000000000001,4,0.77865,67.59166216850281
50000,68000,0.7000000000000001,4,0.77605,66.4144012928009
50000,69000,0.7000000000000001,4,0.76625,65.55814599990845
50000,70000,0.7000000000000001,4,0.76025,68.72856998443604
50000,71000,0.7000000000000001,4,0.7541,92.50180435180664
50000,72000,0.7000000000000001,4,0.7428,69.80964994430542
50000,73000,0.7000000000000001,4,0.73335,84.74454593658447
50000,74000,0.7000000000000001,4,0.72765,73.33531427383423
50000,75000,0.7000000000000001,4,0.7203,74.18400454521179
50000,76000,0.7000000000000001,4,0.70695,74.68736290931702
50000,77000,0.7000000000000001,4,0.6997,74.42417812347412
50000,78000,0.7000000000000001,4,0.69145,74.00275802612305
50000,79000,0.7000000000000001,4,0.68265,77.64865517616272
50000,80000,0.7000000000000001,4,0.66625,74.40474081039429
50000,50000,0.8,0,0.84535,46.218477964401245
50000,51000,0.8,0,0.847,47.85827302932739
50000,52000,0.8,0,0.8467,49.560479164123535
50000,53000,0.8,0,0.84305,47.56212902069092
50000,54000,0.8,0,0.8406,50.524555921554565
50000,55000,0.8,0,0.8397,52.02070879936218
50000,56000,0.8,0,0.8379,52.278679609298706
50000,57000,0.8,0,0.83335,70.96547937393188
50000,58000,0.8,0,0.83125,54.29853677749634
50000,59000,0.8,0,0.82625,55.41172218322754
50000,60000,0.8,0,0.822,58.61463952064514
50000,61000,0.8,0,0.82055,59.13447642326355
50000,62000,0.8,0,0.81115,60.30926775932312
50000,63000,0.8,0,0.809,60.470388650894165
50000,64000,0.8,0,0.8003,63.39427924156189
50000,65000,0.8,0,0.7978,61.461984634399414
50000,66000,0.8,0,0.7899,62.10702991485596
50000,67000,0.8,0,0.7791,65.57793498039246
50000,68000,0.8,0,0.77405,67.7202217578888
50000,69000,0.8,0,0.7642,69.18782019615173
50000,70000,0.8,0,0.75665,69.38218426704407
50000,71000,0.8,0,0.7483,71.4531397819519
50000,72000,0.8,0,0.7396,68.09394598007202
50000,73000,0.8,0,0.7282,71.35146975517273
50000,74000,0.8,0,0.7141,72.15523505210876
50000,75000,0.8,0,0.7036,74.13180947303772
50000,76000,0.8,0,0.6981,77.04731297492981
50000,77000,0.8,0,0.68085,75.06071138381958
50000,78000,0.8,0,0.6728,74.62623238563538
50000,79000,0.8,0,0.6602,80.09784984588623
50000,80000,0.8,0,0.6507,78.24399662017822
50000,50000,0.8,1,0.83835,46.785757064819336
50000,51000,0.8,1,0.8387,47.47997570037842
50000,52000,0.8,1,0.83835,47.70514369010925
50000,53000,0.8,1,0.83485,48.732795000076294
50000,54000,0.8,1,0.8345,50.42299723625183
50000,55000,0.8,1,0.832,51.876471281051636
50000,56000,0.8,1,0.8281,55.15736508369446
50000,57000,0.8,1,0.8281,57.6331672668457
50000,58000,0.8,1,0.82335,54.559937477111816
50000,59000,0.8,1,0.8224,54.39541172981262
50000,60000,0.8,1,0.8207,57.80334544181824
50000,61000,0.8,1,0.8149,58.87692356109619
50000,62000,0.8,1,0.81075,59.106661558151245
50000,63000,0.8,1,0.8091,61.278165340423584
50000,64000,0.8,1,0.7987,61.59641098976135
50000,65000,0.8,1,0.79565,63.03947877883911
50000,66000,0.8,1,0.79565,76.58391904830933
50000,67000,0.8,1,0.78835,66.34183359146118
50000,68000,0.8,1,0.7813,66.61523461341858
50000,69000,0.8,1,0.7765,68.0046660900116
50000,70000,0.8,1,0.76875,66.44889283180237
50000,71000,0.8,1,0.75975,68.6885142326355
50000,72000,0.8,1,0.7466,71.4244544506073
50000,73000,0.8,1,0.74225,71.65695190429688
50000,74000,0.8,1,0.733,72.74917507171631
50000,75000,0.8,1,0.7234,72.34260058403015
50000,76000,0.8,1,0.7073,76.91289615631104
50000,77000,0.8,1,0.7014,78.05105066299438
50000,78000,0.8,1,0.68675,76.05186295509338
50000,79000,0.8,1,0.67215,77.20327377319336
50000,80000,0.8,1,0.6663,79.01323199272156
50000,50000,0.8,2,0.84445,45.193204164505005
50000,51000,0.8,2,0.84005,45.07341384887695
50000,52000,0.8,2,0.8379,47.846529960632324
50000,53000,0.8,2,0.83345,48.36853861808777
50000,54000,0.8,2,0.8302,49.93584227561951
50000,55000,0.8,2,0.82995,52.28685545921326
50000,56000,0.8,2,0.8237,51.04180669784546
50000,57000,0.8,2,0.8192,51.63614344596863
50000,58000,0.8,2,0.8126,54.37463068962097
50000,59000,0.8,2,0.8092,54.52367830276489
50000,60000,0.8,2,0.80365,67.49441528320312
50000,61000,0.8,2,0.7977,57.083946228027344
50000,62000,0.8,2,0.78825,59.6060004234314
50000,63000,0.8,2,0.77955,58.80310916900635
50000,64000,0.8,2,0.76895,70.72353267669678
50000,65000,0.8,2,0.7625,59.801918745040894
50000,66000,0.8,2,0.75495,63.020623445510864
50000,67000,0.8,2,0.74155,65.53112888336182
50000,68000,0.8,2,0.7318,64.27980875968933
50000,69000,0.8,2,0.7267,67.89468598365784
50000,70000,0.8,2,0.71575,68.535569190979
50000,71000,0.8,2,0.7056,70.81612086296082
50000,72000,0.8,2,0.69185,70.14914631843567
50000,73000,0.8,2,0.6789,71.81807279586792
50000,74000,0.8,2,0.66785,70.98646712303162
50000,75000,0.8,2,0.65895,71.15122985839844
50000,76000,0.8,2,0.6432,72.45088028907776
50000,77000,0.8,2,0.63505,75.41290926933289
50000,78000,0.8,2,0.6199,74.88177394866943
50000,79000,0.8,2,0.60935,77.5367705821991
50000,80000,0.8,2,0.6028,74.08653116226196
50000,50000,0.8,3,0.842,52.22274136543274
50000,51000,0.8,3,0.84255,54.29065918922424
50000,52000,0.8,3,0.8382,53.577669858932495
50000,53000,0.8,3,0.83665,56.98943543434143
50000,54000,0.8,3,0.8361,57.350696086883545
50000,55000,0.8,3,0.8319,56.95986080169678
50000,56000,0.8,3,0.83185,57.95321249961853
50000,57000,0.8,3,0.82875,58.43403697013855
50000,58000,0.8,3,0.82645,59.021817445755005
50000,59000,0.8,3,0.82,56.58289623260498
50000,60000,0.8,3,0.81545,56.76822352409363
50000,61000,0.8,3,0.8141,68.63498568534851
50000,62000,0.8,3,0.80575,59.04871344566345
50000,63000,0.8,3,0.79815,60.28400659561157
50000,64000,0.8,3,0.7957,61.651010036468506
50000,65000,0.8,3,0.79065,63.968194246292114
50000,66000,0.8,3,0.7808,64.75541496276855
50000,67000,0.8,3,0.7712,67.31738805770874
50000,68000,0.8,3,0.7663,78.14071106910706
50000,69000,0.8,3,0.7595,66.56931447982788
50000,70000,0.8,3,0.751,68.00604128837585
50000,71000,0.8,3,0.74225,68.09306192398071
50000,72000,0.8,3,0.73445,70.12810254096985
50000,73000,0.8,3,0.72355,72.89115190505981
50000,74000,0.8,3,0.71545,72.1514344215393
50000,75000,0.8,3,0.70675,73.17908358573914
50000,76000,0.8,3,0.6978,77.44488286972046
50000,77000,0.8,3,0.68435,76.36025881767273
50000,78000,0.8,3,0.6776,76.19073271751404
50000,79000,0.8,3,0.664,71.48365688323975
50000,80000,0.8,3,0.65365,59.04520869255066
50000,50000,0.8,4,0.8459,47.9421501159668
50000,51000,0.8,4,0.84155,49.9387629032135
50000,52000,0.8,4,0.8396,51.48953080177307
50000,53000,0.8,4,0.84195,54.26862192153931
50000,54000,0.8,4,0.83805,54.73725438117981
50000,55000,0.8,4,0.839,56.517329931259155
50000,56000,0.8,4,0.83355,63.90504550933838
50000,57000,0.8,4,0.8247,56.05098032951355
50000,58000,0.8,4,0.82385,67.10355520248413
50000,59000,0.8,4,0.81785,56.62187218666077
50000,60000,0.8,4,0.8161,57.28050446510315
50000,61000,0.8,4,0.80805,58.48720026016235
50000,62000,0.8,4,0.80165,58.17475962638855
50000,63000,0.8,4,0.79485,60.517465114593506
50000,64000,0.8,4,0.78775,59.01467251777649
50000,65000,0.8,4,0.77985,60.39914274215698
50000,66000,0.8,4,0.7754,62.070881605148315
50000,67000,0.8,4,0.76555,65.17394733428955
50000,68000,0.8,4,0.7545,65.11207127571106
50000,69000,0.8,4,0.74825,75.68924593925476
50000,70000,0.8,4,0.74,71.3919005393982
50000,71000,0.8,4,0.7326,73.08687996864319
50000,72000,0.8,4,0.7201,69.65987753868103
50000,73000,0.8,4,0.7084,71.51274585723877
50000,74000,0.8,4,0.6954,75.38379859924316
50000,75000,0.8,4,0.6875,72.71028280258179
50000,76000,0.8,4,0.67515,72.38691663742065
50000,77000,0.8,4,0.6656,89.08097243309021
50000,78000,0.8,4,0.6515,75.2461359500885
50000,79000,0.8,4,0.644,68.80868697166443
50000,80000,0.8,4,0.62965,59.12382459640503
50000,50000,0.9,0,0.8437,49.53917980194092
50000,51000,0.9,0,0.84635,50.16511917114258
50000,52000,0.9,0,0.8439,49.59771418571472
50000,53000,0.9,0,0.8424,52.63755989074707
50000,54000,0.9,0,0.84035,52.03908109664917
50000,55000,0.9,0,0.8376,54.06397080421448
50000,56000,0.9,0,0.83905,53.91168260574341
50000,57000,0.9,0,0.83395,57.324116945266724
50000,58000,0.9,0,0.8315,55.70446491241455
50000,59000,0.9,0,0.82935,58.86686372756958
50000,60000,0.9,0,0.8238,58.35140800476074
50000,61000,0.9,0,0.82155,59.95140767097473
50000,62000,0.9,0,0.8161,81.23720860481262
50000,63000,0.9,0,0.80665,61.02997159957886
50000,64000,0.9,0,0.8055,63.76212477684021
50000,65000,0.9,0,0.8005,65.33599376678467
50000,66000,0.9,0,0.7898,64.29694080352783
50000,67000,0.9,0,0.7847,67.6496958732605
50000,68000,0.9,0,0.7771,79.00775504112244
50000,69000,0.9,0,0.7683,69.48608589172363
50000,70000,0.9,0,0.75755,68.03220677375793
50000,71000,0.9,0,0.7462,67.56086206436157
50000,72000,0.9,0,0.7381,67.63933730125427
50000,73000,0.9,0,0.7258,69.23156547546387
50000,74000,0.9,0,0.71665,72.91530156135559
50000,75000,0.9,0,0.70065,74.19017195701599
50000,76000,0.9,0,0.6914,72.72876238822937
50000,77000,0.9,0,0.6773,77.2942898273468
50000,78000,0.9,0,0.6664,74.76474952697754
50000,79000,0.9,0,0.65345,68.7288498878479
50000,80000,0.9,0,0.64215,59.305615186691284
50000,50000,0.9,1,0.84785,56.462382078170776
50000,51000,0.9,1,0.8446,52.75844359397888
50000,52000,0.9,1,0.84415,65.27448010444641
50000,53000,0.9,1,0.8422,62.767255544662476
50000,54000,0.9,1,0.8408,52.61275839805603
50000,55000,0.9,1,0.8361,50.05786204338074
50000,56000,0.9,1,0.8297,64.30937194824219
50000,57000,0.9,1,0.82885,52.87481212615967
50000,58000,0.9,1,0.82115,74.17574620246887
50000,59000,0.9,1,0.8125,55.53049564361572
50000,60000,0.9,1,0.80805,55.10842490196228
50000,61000,0.9,1,0.80405,59.04395151138306
50000,62000,0.9,1,0.79125,58.42003059387207
50000,63000,0.9,1,0.78825,60.91708278656006
50000,64000,0.9,1,0.77775,61.04396414756775
50000,65000,0.9,1,0.7712,74.66831302642822
50000,66000,0.9,1,0.7601,63.23831391334534
50000,67000,0.9,1,0.746,62.61030316352844
50000,68000,0.9,1,0.73505,64.63257789611816
50000,69000,0.9,1,0.7262,64.57183241844177
50000,70000,0.9,1,0.71055,65.14568066596985
50000,71000,0.9,1,0.6997,67.63363146781921
50000,72000,0.9,1,0.684,67.94499611854553
50000,73000,0.9,1,0.67395,68.28252172470093
50000,74000,0.9,1,0.6589,72.38348841667175
50000,75000,0.9,1,0.6472,70.2319028377533
50000,76000,0.9,1,0.6337,72.7544457912445
50000,77000,0.9,1,0.62075,73.06446647644043
50000,78000,0.9,1,0.61045,70.0825309753418
50000,79000,0.9,1,0.60295,57.23552465438843
50000,80000,0.9,1,0.59175,50.536144971847534
50000,50000,0.9,2,0.8424,49.797664403915405
50000,51000,0.9,2,0.8403,46.82426404953003
50000,52000,0.9,2,0.8331,49.88544058799744
50000,53000,0.9,2,0.83035,51.64944553375244
50000,54000,0.9,2,0.82425,53.987109422683716
50000,55000,0.9,2,0.82325,53.35805058479309
50000,56000,0.9,2,0.8167,57.082906007766724
50000,57000,0.9,2,0.80945,57.003937005996704
50000,58000,0.9,2,0.80605,56.27538871765137
50000,59000,0.9,2,0.79705,56.7430305480957
50000,60000,0.9,2,0.785,58.33367896080017
50000,61000,0.9,2,0.7785,58.94650173187256
50000,62000,0.9,2,0.76675,59.804208755493164
50000,63000,0.9,2,0.758,58.959128856658936
50000,64000,0.9,2,0.7456,61.4007682800293
50000,65000,0.9,2,0.7364,62.35930514335632
50000,66000,0.9,2,0.72295,64.94608473777771
50000,67000,0.9,2,0.70735,65.5364625453949
50000,68000,0.9,2,0.6971,69.22351169586182
50000,69000,0.9,2,0.68305,68.70728921890259
50000,70000,0.9,2,0.6671,68.90888714790344
50000,71000,0.9,2,0.6568,81.72143650054932
50000,72000,0.9,2,0.64355,72.67254710197449
50000,73000,0.9,2,0.62805,73.92837023735046
50000,74000,0.9,2,0.62055,72.29069399833679
50000,75000,0.9,2,0.6065,73.87356996536255
50000,76000,0.9,2,0.59585,72.91750717163086
50000,77000,0.9,2,0.58035,68.81845831871033
50000,78000,0.9,2,0.5706,56.38330960273743
50000,79000,0.9,2,0.56575,50.46868085861206
50000,80000,0.9,2,0.5549,47.73824596405029
50000,50000,0.9,3,0.8507,45.631322145462036
50000,51000,0.9,3,0.85085,46.6026554107666
50000,52000,0.9,3,0.8484,48.010634422302246
50000,53000,0.9,3,0.84835,47.90797019004822
50000,54000,0.9,3,0.84955,40.86288547515869
50000,55000,0.9,3,0.84715,41.11076903343201
50000,56000,0.9,3,0.84785,36.224064111709595
50000,57000,0.9,3,0.84875,35.31588673591614
50000,58000,0.9,3,0.8455,35.97406816482544
50000,59000,0.9,3,0.84495,36.00074100494385
50000,60000,0.9,3,0.8434,34.45859098434448
50000,61000,0.9,3,0.83945,34.97763466835022
50000,62000,0.9,3,0.8382,35.11073613166809
50000,63000,0.9,3,0.84025,35.82866168022156
50000,64000,0.9,3,0.83385,36.72378611564636
50000,65000,0.9,3,0.83085,36.58070468902588
50000,66000,0.9,3,0.82685,37.254822969436646
50000,67000,0.9,3,0.82395,47.29527044296265
50000,68000,0.9,3,0.8241,37.86016082763672
50000,69000,0.9,3,0.8155,38.36893343925476
50000,70000,0.9,3,0.81305,40.3808798789978
50000,71000,0.9,3,0.8091,39.240049839019775
50000,72000,0.9,3,0.80185,40.3509681224823
50000,73000,0.9,3,0.7995,40.29427981376648
50000,74000,0.9,3,0.7917,41.309863805770874
50000,75000,0.9,3,0.78105,41.24956703186035
50000,76000,0.9,3,0.77225,41.704955101013184
50000,77000,0.9,3,0.7677,44.29646372795105
50000,78000,0.9,3,0.7556,43.13240170478821
50000,79000,0.9,3,0.74655,43.61284947395325
50000,80000,0.9,3,0.7362,43.61386561393738
50000,50000,0.9,4,0.84085,54.11836123466492
50000,51000,0.9,4,0.83555,57.06521248817444
50000,52000,0.9,4,0.8344,47.75270056724548
50000,53000,0.9,4,0.82915,40.06978917121887
50000,54000,0.9,4,0.8255,39.369961977005005
50000,55000,0.9,4,0.82255,34.411840200424194
50000,56000,0.9,4,0.8165,34.542551040649414
50000,57000,0.9,4,0.80685,34.74636363983154
50000,58000,0.9,4,0.80135,33.993143796920776
50000,59000,0.9,4,0.79675,33.88666796684265
50000,60000,0.9,4,0.7944,34.503645181655884
50000,61000,0.9,4,0.7873,34.78582406044006
50000,62000,0.9,4,0.7771,43.2111496925354
50000,63000,0.9,4,0.7677,35.97856664657593
50000,64000,0.9,4,0.7533,45.60062766075134
50000,65000,0.9,4,0.7454,37.2211697101593
50000,66000,0.9,4,0.73475,37.48670148849487
50000,67000,0.9,4,0.7223,37.93476366996765
50000,68000,0.9,4,0.7141,38.057377338409424
50000,69000,0.9,4,0.69885,38.499449491500854
50000,70000,0.9,4,0.6855,39.141841650009155
50000,71000,0.9,4,0.6758,39.792500019073486
50000,72000,0.9,4,0.6601,40.18419313430786
50000,73000,0.9,4,0.6471,40.31200861930847
50000,74000,0.9,4,0.6345,41.084917068481445
50000,75000,0.9,4,0.62165,41.63247275352478
50000,76000,0.9,4,0.60685,41.94201946258545
50000,77000,0.9,4,0.59905,43.461708068847656
50000,78000,0.9,4,0.5879,44.60190939903259
50000,79000,0.9,4,0.5746,44.30241107940674
50000,80000,0.9,4,0.5677,41.72415828704834
50000,50000,1.0,0,0.84035,46.08763313293457
50000,51000,1.0,0,0.83665,48.34809589385986
50000,52000,1.0,0,0.8345,47.547990798950195
50000,53000,1.0,0,0.83205,40.881540298461914
50000,54000,1.0,0,0.8283,56.08521485328674
50000,55000,1.0,0,0.8238,36.01545596122742
50000,56000,1.0,0,0.816,34.829657793045044
50000,57000,1.0,0,0.80815,32.66028380393982
50000,58000,1.0,0,0.80325,34.53083157539368
50000,59000,1.0,0,0.7996,34.62083554267883
50000,60000,1.0,0,0.78975,35.72622275352478
50000,61000,1.0,0,0.78225,35.691670417785645
50000,62000,1.0,0,0.77075,35.9705114364624
50000,63000,1.0,0,0.75985,36.962958097457886
50000,64000,1.0,0,0.74475,36.77068638801575
50000,65000,1.0,0,0.72995,37.493123054504395
50000,66000,1.0,0,0.7162,38.58428621292114
50000,67000,1.0,0,0.703,38.01513671875
50000,68000,1.0,0,0.6876,38.82259488105774
50000,69000,1.0,0,0.6701,39.436403036117554
50000,70000,1.0,0,0.6538,41.84066438674927
50000,71000,1.0,0,0.64465,40.02489399909973
50000,72000,1.0,0,0.62565,40.830045223236084
50000,73000,1.0,0,0.61205,40.77721309661865
50000,74000,1.0,0,0.59785,40.548630237579346
50000,75000,1.0,0,0.5836,42.0262668132782
50000,76000,1.0,0,0.5764,42.58374834060669
50000,77000,1.0,0,0.5656,42.79848647117615
50000,78000,1.0,0,0.5548,42.65109133720398
50000,79000,1.0,0,0.54745,44.54513597488403
50000,80000,1.0,0,0.54135,51.19378089904785
50000,50000,1.0,1,0.8449,48.53791093826294
50000,51000,1.0,1,0.8435,50.11859941482544
50000,52000,1.0,1,0.83895,46.04541802406311
50000,53000,1.0,1,0.83615,39.08155179023743
50000,54000,1.0,1,0.8311,39.97892951965332
50000,55000,1.0,1,0.82475,35.21979594230652
50000,56000,1.0,1,0.8173,34.02613925933838
50000,57000,1.0,1,0.8119,34.37561249732971
50000,58000,1.0,1,0.8041,33.16229295730591
50000,59000,1.0,1,0.7942,33.68956971168518
50000,60000,1.0,1,0.79035,34.508904218673706
50000,61000,1.0,1,0.77725,34.67260217666626
50000,62000,1.0,1,0.76335,34.44802689552307
50000,63000,1.0,1,0.75365,36.35851311683655
50000,64000,1.0,1,0.7357,36.434974670410156
50000,65000,1.0,1,0.72285,36.282368421554565
50000,66000,1.0,1,0.7044,37.758519411087036
50000,67000,1.0,1,0.6894,38.769246339797974
50000,68000,1.0,1,0.673,37.81242537498474
50000,69000,1.0,1,0.6569,38.72400689125061
50000,70000,1.0,1,0.6442,40.09109020233154
50000,71000,1.0,1,0.62435,39.67834234237671
50000,72000,1.0,1,0.6075,39.972402811050415
50000,73000,1.0,1,0.59845,42.12220788002014
50000,74000,1.0,1,0.58345,41.7837016582489
50000,75000,1.0,1,0.5749,42.12469220161438
50000,76000,1.0,1,0.5608,41.709452867507935
50000,77000,1.0,1,0.5493,42.948530435562134
50000,78000,1.0,1,0.53985,43.66901230812073
50000,79000,1.0,1,0.5337,44.18208837509155
50000,80000,1.0,1,0.5285,43.00525498390198
50000,50000,1.0,2,0.84155,45.819682359695435
50000,51000,1.0,2,0.838,49.405614376068115
50000,52000,1.0,2,0.8398,45.79669976234436
50000,53000,1.0,2,0.83505,38.97401428222656
50000,54000,1.0,2,0.83625,38.817744970321655
50000,55000,1.0,2,0.8309,35.22635269165039
50000,56000,1.0,2,0.8238,34.562113523483276
50000,57000,1.0,2,0.8222,33.506486654281616
50000,58000,1.0,2,0.8141,33.814781665802
50000,59000,1.0,2,0.80905,33.632883071899414
50000,60000,1.0,2,0.80545,33.63934636116028
50000,61000,1.0,2,0.7966,34.48972201347351
50000,62000,1.0,2,0.78845,35.32220816612244
50000,63000,1.0,2,0.7761,35.68817949295044
50000,64000,1.0,2,0.76515,36.031941652297974
50000,65000,1.0,2,0.75985,36.95118975639343
50000,66000,1.0,2,0.74825,36.452566146850586
50000,67000,1.0,2,0.7329,38.316570520401
50000,68000,1.0,2,0.7215,37.980772972106934
50000,69000,1.0,2,0.7075,38.174274921417236
50000,70000,1.0,2,0.68835,38.868762493133545
50000,71000,1.0,2,0.67505,39.425166845321655
50000,72000,1.0,2,0.6644,40.53097939491272
50000,73000,1.0,2,0.64505,40.0548050403595
50000,74000,1.0,2,0.63315,41.16102075576782
50000,75000,1.0,2,0.6197,41.94072151184082
50000,76000,1.0,2,0.60445,41.64698505401611
50000,77000,1.0,2,0.59175,42.90707278251648
50000,78000,1.0,2,0.5797,42.35310745239258
50000,79000,1.0,2,0.5676,44.07191586494446
50000,80000,1.0,2,0.5592,42.992088317871094
50000,50000,1.0,3,0.8397,44.471651792526245
50000,51000,1.0,3,0.8374,38.974918365478516
50000,52000,1.0,3,0.8328,37.88237023353577
50000,53000,1.0,3,0.83,35.28110885620117
50000,54000,1.0,3,0.8254,33.24746870994568
50000,55000,1.0,3,0.82245,38.75396490097046
50000,56000,1.0,3,0.81265,33.24689507484436
50000,57000,1.0,3,0.8078,32.76087236404419
50000,58000,1.0,3,0.80205,36.349794149398804
50000,59000,1.0,3,0.7954,34.061203956604004
50000,60000,1.0,3,0.7831,34.685038566589355
50000,61000,1.0,3,0.77295,35.37792921066284
50000,62000,1.0,3,0.7616,35.523905992507935
50000,63000,1.0,3,0.7495,35.80349802970886
50000,64000,1.0,3,0.7378,36.38108491897583
50000,65000,1.0,3,0.723,36.61045026779175
50000,66000,1.0,3,0.71135,36.61237192153931
50000,67000,1.0,3,0.7015,37.565709829330444
50000,68000,1.0,3,0.683,37.24873328208923
50000,69000,1.0,3,0.66855,37.856857776641846
50000,70000,1.0,3,0.65605,38.33075284957886
50000,71000,1.0,3,0.63845,39.54884052276611
50000,72000,1.0,3,0.62655,40.51439881324768
50000,73000,1.0,3,0.61355,39.95722579956055
50000,74000,1.0,3,0.60035,40.87025761604309
50000,75000,1.0,3,0.58535,42.50971794128418
50000,76000,1.0,3,0.57375,42.72683072090149
50000,77000,1.0,3,0.56395,42.3257360458374
50000,78000,1.0,3,0.5516,42.01655864715576
50000,79000,1.0,3,0.54485,38.75544714927673
50000,80000,1.0,3,0.53975,36.334221601486206
50000,50000,1.0,4,0.8446,40.71040630340576
50000,51000,1.0,4,0.8449,37.40383839607239
50000,52000,1.0,4,0.8393,36.579429149627686
50000,53000,1.0,4,0.83395,33.65450620651245
50000,54000,1.0,4,0.83525,33.27401113510132
50000,55000,1.0,4,0.8333,38.91285848617554
50000,56000,1.0,4,0.82715,32.17697882652283
50000,57000,1.0,4,0.8263,33.779212951660156
50000,58000,1.0,4,0.8247,33.40932321548462
50000,59000,1.0,4,0.8197,33.960875034332275
50000,60000,1.0,4,0.8133,34.664957761764526
50000,61000,1.0,4,0.80555,35.04223704338074
50000,62000,1.0,4,0.8013,35.07351779937744
50000,63000,1.0,4,0.7904,36.424545764923096
50000,64000,1.0,4,0.7793,36.693665981292725
50000,65000,1.0,4,0.76895,36.8765504360199
50000,66000,1.0,4,0.75975,37.66337752342224
50000,67000,1.0,4,0.7472,37.661004066467285
50000,68000,1.0,4,0.7335,47.41989517211914
50000,69000,1.0,4,0.7149,37.9521164894104
50000,70000,1.0,4,0.70205,39.39426922798157
50000,71000,1.0,4,0.6906,40.03170585632324
50000,72000,1.0,4,0.66925,40.784178018569946
50000,73000,1.0,4,0.65645,40.74630427360535
50000,74000,1.0,4,0.6447,41.74057221412659
50000,75000,1.0,4,0.6295,41.59693145751953
50000,76000,1.0,4,0.61705,42.46802806854248
50000,77000,1.0,4,0.59955,43.87583374977112
50000,78000,1.0,4,0.5904,41.37455081939697
50000,79000,1.0,4,0.5743,37.38949799537659
50000,80000,1.0,4,0.56535,36.08924865722656
